,Name,Greenup,Maturity,Senescence,Dormancy
0,000-AA0101-Admiralty Islands Lowland Rain Forests.nc,[3],"[4, 5, 6, 7]",[8],"[9, 10, 11, 12, 1, 2]"
1,001-AA0102-Banda Sea Islands Moist Deciduous Forests.nc,[3],[4],[5],"[6, 7, 8, 9, 10, 11, 12, 1, 2]"
2,002-AA0103-Biak-Numfoor Rain Forests.nc,[2],"[3, 4, 5, 6, 7, 8, 9]",[10],"[11, 12, 1]"
3,003-AA0104-Buru Rain Forests.nc,"[3, 4, 5, 6, 7, 8]","[9, 10]",[11],"[12, 1, 2]"
4,004-AA0105-Central Range Montane Rain Forests.nc,[1],[2],[3],"[4, 5, 6, 7, 8, 9, 10, 11, 12]"
5,005-AA0106-Halmahera Rain Forests.nc,[2],[3],[4],"[5, 6, 7, 8, 9, 10, 11, 12, 1]"
6,006-AA0107-Huon Peninsula Montane Rain Forests.nc,[7],"[8, 9]",[10],"[11, 12, 1, 2, 3, 4, 5, 6]"
7,008-AA0110-Louisiade Archipelago Rain Forests.nc,"[8, 9, 10]","[11, 12, 1, 2]","[3, 4, 5]","[6, 7]"
8,009-AA0111-New Britain-New Ireland Lowland Rain Forests.nc,[9],"[10, 11, 12, 1, 2]","[3, 4, 5]","[6, 7, 8]"
9,010-AA0112-New Britain-New Ireland Montane Rain Forests.nc,"[5, 6, 7, 8]",[9],[10],"[11, 12, 1, 2, 3, 4]"
10,011-AA0113-New Caledonia Rain Forests.nc,"[5, 6, 7, 8, 9]","[10, 11, 12]",[1],"[2, 3, 4]"
11,013-AA0115-Northern New Guinea Lowland Rain And Freshwater Swamp Forests.nc,[9],"[10, 11, 12, 1, 2, 3]","[4, 5, 6]","[7, 8]"
12,014-AA0116-Northern New Guinea Montane Rain Forests.nc,[1],[2],[3],"[4, 5, 6, 7, 8, 9, 10, 11, 12]"
13,015-AA0118-Seram Rain Forests.nc,[9],"[10, 11, 12, 1, 2, 3, 4]",[5],"[6, 7, 8]"
14,016-AA0119-Solomon Islands Rain Forests.nc,"[3, 4, 5, 6, 7]",[8],[9],"[10, 11, 12, 1, 2]"
15,017-AA0120-Southeastern Papuan Rain Forests.nc,[10],"[11, 12, 1, 2]","[3, 4, 5, 6]","[7, 8, 9]"
16,018-AA0121-Southern New Guinea Freshwater Swamp Forests.nc,[9],"[10, 11, 12, 1, 2]","[3, 4, 5]","[6, 7, 8]"
17,019-AA0122-Southern New Guinea Lowland Rain Forests.nc,[9],"[10, 11, 12, 1, 2, 3, 4]",[5],"[6, 7, 8]"
18,020-AA0123-Sulawesi Lowland Rain Forests.nc,[2],[3],[4],"[5, 6, 7, 8, 9, 10, 11, 12, 1]"
19,021-AA0124-Sulawesi Montane Rain Forests.nc,[8],[9],[10],"[11, 12, 1, 2, 3, 4, 5, 6, 7]"
20,022-AA0125-Trobriand Islands Rain Forests.nc,[8],"[9, 10, 11, 12, 1]","[2, 3, 4]","[5, 6, 7]"
21,023-AA0126-Vanuatu Rain Forests.nc,"[9, 10]","[11, 12, 1, 2, 3]","[4, 5]","[6, 7, 8]"
22,024-AA0127-Vogelkop Montane Rain Forests.nc,[6],"[7, 8, 9]",[10],"[11, 12, 1, 2, 3, 4, 5]"
23,025-AA0128-Vogelkop-Aru Lowland Rain Forests.nc,[9],"[10, 11, 12, 1, 2, 3, 4]",[5],"[6, 7, 8]"
24,026-AA0201-Lesser Sundas Deciduous Forests.nc,[2],"[3, 4]","[5, 6, 7]","[8, 9, 10, 11, 12, 1]"
25,027-AA0202-New Caledonia Dry Forests.nc,[2],"[3, 4, 5]","[6, 7, 8]","[9, 10, 11, 12, 1]"
26,028-AA0203-Sumba Deciduous Forests.nc,"[12, 1]","[2, 3, 4]","[5, 6, 7]","[8, 9, 10, 11]"
27,029-AA0204-Timor And Wetar Deciduous Forests.nc,"[12, 1, 2]","[3, 4]","[5, 6, 7]","[8, 9, 10, 11]"
28,030-AA0401-Chatham Island Temperate Forests.nc,"[8, 9, 10, 11]","[12, 1, 2, 3, 4]",[5],"[6, 7]"
29,031-AA0403-Fiordland Temperate Forests.nc,[12],"[1, 2]",[3],"[4, 5, 6, 7, 8, 9, 10, 11]"
30,032-AA0404-Nelson Coast Temperate Forests.nc,[10],"[11, 12, 1, 2]","[3, 4]","[5, 6, 7, 8, 9]"
31,033-AA0405-North Island Temperate Forests.nc,"[9, 10, 11]","[12, 1, 2]","[3, 4, 5]","[6, 7, 8]"
32,034-AA0406-Northland Temperate Kauri Forests.nc,"[4, 5]","[6, 7, 8, 9, 10, 11]","[12, 1]","[2, 3]"
33,035-AA0407-Rakiura Island Temperate Forests.nc,[10],"[11, 12, 1, 2]","[3, 4]","[5, 6, 7, 8, 9]"
34,036-AA0408-Richmond Temperate Forests.nc,"[9, 10, 11]","[12, 1, 2]","[3, 4, 5]","[6, 7, 8]"
35,037-AA0410-South Island Temperate Forests.nc,"[9, 10]","[11, 12, 1, 2]","[3, 4, 5]","[6, 7, 8]"
36,038-AA0414-Westland Temperate Forests.nc,"[9, 10]","[11, 12, 1, 2, 3]","[4, 5, 6]","[7, 8]"
37,039-AA0708-Trans Fly Savanna And Grasslands.nc,[8],"[9, 10, 11, 12, 1, 2, 3]","[4, 5]","[6, 7]"
38,040-AA0801-Cantebury-Otago Tussock Grasslands.nc,"[9, 10]","[11, 12, 1]","[2, 3, 4, 5]","[6, 7, 8]"
39,041-AA1002-Central Range Sub-Alpine Grasslands.nc,[6],[7],[8],"[9, 10, 11, 12, 1, 2, 3, 4, 5]"
40,042-AA1003-South Island Montane Grasslands.nc,"[10, 11]","[12, 1, 2]","[3, 4]","[5, 6, 7, 8, 9]"
41,043-AA1101-Antipodes Subantarctic Islands Tundra.nc,"[12, 1]",[2],[3],"[4, 5, 6, 7, 8, 9, 10, 11]"
42,044-AA1401-New Guinea Mangroves.nc,[9],"[10, 11, 12, 1, 2, 3, 4]",[5],"[6, 7, 8]"
43,048-AN1104-Southern Indian Ocean Islands Tundra.nc,[12],"[1, 2]",[3],"[4, 5, 6, 7, 8, 9, 10, 11]"
44,049-AT0101-Albertine Rift Montane Forests.nc,[4],[5],"[6, 7, 8, 9, 10, 11, 12, 1]","[2, 3]"
45,050-AT0102-Atlantic Equatorial Coastal Forests.nc,[3],[4],[5],"[6, 7, 8, 9, 10, 11, 12, 1, 2]"
46,051-AT0103-Cameroonian Highlands Forests.nc,"[4, 5]","[6, 7, 8, 9, 10]","[11, 12]","[1, 2, 3]"
47,052-AT0104-Central Congolian Lowland Forests.nc,[9],"[10, 11, 12, 1, 2, 3, 4]",[5],"[6, 7, 8]"
48,053-AT0105-Comoros Forests.nc,"[2, 3]","[4, 5]","[6, 7]","[8, 9, 10, 11, 12, 1]"
49,054-AT0106-Cross-Niger Transition Forests.nc,[4],[5],"[6, 7, 8, 9, 10, 11, 12, 1]","[2, 3]"
50,055-AT0107-Cross-Sanaga-Bioko Coastal Forests.nc,[4],[5],[6],"[7, 8, 9, 10, 11, 12, 1, 2, 3]"
51,056-AT0108-East African Montane Forests.nc,[4],"[5, 6, 7, 8, 9, 10, 11, 12]",[1],"[2, 3]"
52,057-AT0109-Eastern Arc Forests.nc,"[1, 2]","[3, 4]","[5, 6, 7]","[8, 9, 10, 11, 12]"
53,058-AT0110-Eastern Congolian Swamp Forests.nc,[9],"[10, 11, 12, 1, 2, 3, 4]",[5],"[6, 7, 8]"
54,059-AT0111-Eastern Guinean Forests.nc,[3],"[4, 5]","[6, 7, 8, 9, 10, 11, 12]","[1, 2]"
55,060-AT0112-Ethiopian Montane Forests.nc,"[5, 6]","[7, 8, 9]","[10, 11, 12]","[1, 2, 3, 4]"
56,062-AT0114-Guinean Montane Forests.nc,"[5, 6, 7]","[8, 9]","[10, 11, 12]","[1, 2, 3, 4]"
57,063-AT0115-Knysna-Amatole Montane Forests.nc,"[1, 2]","[3, 4]","[5, 6, 7]","[8, 9, 10, 11, 12]"
58,064-AT0116-Kwazulu-Cape Coastal Forest Mosaic.nc,"[10, 11, 12, 1]","[2, 3, 4]","[5, 6, 7]","[8, 9]"
59,065-AT0117-Madagascar Lowland Forests.nc,[3],"[4, 5]","[6, 7]","[8, 9, 10, 11, 12, 1, 2]"
60,066-AT0118-Madagascar Subhumid Forests.nc,"[11, 12, 1, 2]","[3, 4]","[5, 6, 7]","[8, 9, 10]"
61,067-AT0119-Maputaland Coastal Forest Mosaic.nc,"[10, 11, 12, 1]","[2, 3, 4]","[5, 6, 7]","[8, 9]"
62,068-AT0120-Mascarene Forests.nc,"[11, 12, 1, 2]","[3, 4, 5]","[6, 7, 8]","[9, 10]"
63,069-AT0121-Mount Cameroon And Bioko Montane Forests.nc,[4],"[5, 6]","[7, 8, 9, 10, 11, 12]","[1, 2, 3]"
64,070-AT0122-Niger Delta Swamp Forests.nc,[4],[5],"[6, 7, 8, 9, 10, 11, 12, 1]","[2, 3]"
65,071-AT0123-Nigerian Lowland Forests.nc,"[3, 4]","[5, 6]","[7, 8, 9, 10, 11, 12]","[1, 2]"
66,072-AT0124-Northeastern Congolian Lowland Forests.nc,"[3, 4]","[5, 6, 7, 8, 9, 10]","[11, 12]","[1, 2]"
67,073-AT0125-Northern Zanzibar-Inhambane Coastal Forest Mosaic.nc,[4],[5],"[6, 7, 8, 9, 10, 11, 12, 1]","[2, 3]"
68,074-AT0126-Northwestern Congolian Lowland Forests.nc,[9],"[10, 11, 12, 1, 2, 3, 4, 5]",[6],"[7, 8]"
69,075-AT0127-Sao Tome And Principe Moist Lowland Forests.nc,[2],"[3, 4, 5]",[6],"[7, 8, 9, 10, 11, 12, 1]"
70,076-AT0128-Southern Zanzibar-Inhambane Coastal Forest Mosaic.nc,"[12, 1]","[2, 3, 4]","[5, 6, 7]","[8, 9, 10, 11]"
71,077-AT0129-Western Congolian Swamp Forests.nc,[3],[4],[5],"[6, 7, 8, 9, 10, 11, 12, 1, 2]"
72,078-AT0130-Western Guinean Lowland Forests.nc,"[4, 5, 6, 7, 8]","[9, 10]","[11, 12]","[1, 2, 3]"
73,079-AT0201-Cape Verde Islands Dry Forests.nc,[9],[10],"[11, 12, 1]","[2, 3, 4, 5, 6, 7, 8]"
74,080-AT0202-Madagascar Dry Deciduous Forests.nc,"[12, 1, 2]","[3, 4]","[5, 6]","[7, 8, 9, 10, 11]"
75,081-AT0203-Zambezian Cryptosepalum Dry Forests.nc,"[10, 11]","[12, 1, 2]","[3, 4, 5, 6]","[7, 8, 9]"
76,082-AT0701-Angolan Miombo Woodlands.nc,"[9, 10]","[11, 12, 1, 2]","[3, 4, 5, 6]","[7, 8]"
77,083-AT0702-Angolan Mopane Woodlands.nc,"[11, 12, 1]","[2, 3]","[4, 5, 6]","[7, 8, 9, 10]"
78,084-AT0703-Ascension Scrub And Grasslands.nc,"[3, 4]","[5, 6]","[7, 8, 9]","[10, 11, 12, 1, 2]"
79,085-AT0704-Central Zambezian Miombo Woodlands.nc,"[9, 10]","[11, 12, 1, 2]","[3, 4, 5, 6]","[7, 8]"
80,086-AT0705-East Sudanian Savanna.nc,"[5, 6, 7]","[8, 9]","[10, 11]","[12, 1, 2, 3, 4]"
81,087-AT0706-Eastern Miombo Woodlands.nc,"[11, 12, 1]","[2, 3, 4]","[5, 6, 7]","[8, 9, 10]"
82,088-AT0707-Guinean Forest-Savanna Mosaic.nc,"[3, 4, 5]","[6, 7, 8, 9, 10]","[11, 12]","[1, 2]"
83,089-AT0708-Itigi-Sumbu Thicket.nc,"[10, 11, 12]","[1, 2, 3]","[4, 5, 6]","[7, 8, 9]"
84,090-AT0709-Kalahari Acacia-Baikiaea Woodlands.nc,"[10, 11, 12, 1]","[2, 3]","[4, 5, 6]","[7, 8, 9]"
85,091-AT0710-Mandara Plateau Mosaic.nc,"[6, 7]","[8, 9]","[10, 11]","[12, 1, 2, 3, 4, 5]"
86,092-AT0711-Northern Acacia-Commiphora Bushlands And Thickets.nc,[4],[5],"[6, 7, 8, 9, 10, 11, 12, 1]","[2, 3]"
87,093-AT0712-Northern Congolian Forest-Savanna Mosaic.nc,"[3, 4]","[5, 6, 7, 8, 9]","[10, 11, 12]","[1, 2]"
88,094-AT0713-Sahelian Acacia Savanna.nc,[7],[8],[9],"[10, 11, 12, 1, 2, 3, 4, 5, 6]"
89,095-AT0714-Serengeti Volcanic Grasslands.nc,[4],"[5, 6, 7, 8, 9, 10, 11, 12, 1]",[2],[3]
90,096-AT0715-Somali Acacia-Commiphora Bushlands And Thickets.nc,[4],[5],"[6, 7, 8, 9, 10, 11, 12, 1]","[2, 3]"
91,097-AT0716-Southern Acacia-Commiphora Bushlands And Thickets.nc,"[12, 1]","[2, 3]","[4, 5, 6]","[7, 8, 9, 10, 11]"
92,098-AT0717-Southern Africa Bushveld.nc,"[11, 12, 1]","[2, 3]","[4, 5, 6]","[7, 8, 9, 10]"
93,099-AT0718-Southern Congolian Forest-Savanna Mosaic.nc,"[9, 10]","[11, 12, 1, 2]","[3, 4, 5, 6]","[7, 8]"
94,100-AT0719-Southern Miombo Woodlands.nc,"[11, 12, 1]","[2, 3]","[4, 5, 6]","[7, 8, 9, 10]"
95,101-AT0720-St. Helena Scrub And Woodlands.nc,[2],"[3, 4, 5]","[6, 7, 8, 9]","[10, 11, 12, 1]"
96,102-AT0721-Victoria Basin Forest-Savanna Mosaic.nc,[4],[5],"[6, 7, 8, 9, 10, 11, 12, 1]","[2, 3]"
97,103-AT0722-West Sudanian Savanna.nc,"[7, 8]",[9],"[10, 11]","[12, 1, 2, 3, 4, 5, 6]"
98,104-AT0723-Western Congolian Forest-Savanna Mosaic.nc,"[9, 10]","[11, 12, 1, 2]","[3, 4, 5, 6]","[7, 8]"
99,105-AT0724-Western Zambezian Grasslands.nc,"[10, 11]","[12, 1, 2, 3]","[4, 5, 6, 7]","[8, 9]"
100,106-AT0725-Zambezian And Mopane Woodlands.nc,"[12, 1]","[2, 3]","[4, 5, 6]","[7, 8, 9, 10, 11]"
101,107-AT0726-Zambezian Baikiaea Woodlands.nc,"[10, 11, 12]","[1, 2, 3]","[4, 5, 6, 7]","[8, 9]"
102,110-AT0803-Tristan Da Cunha-Gough Islands Shrub And Grasslands.nc,"[8, 9, 10, 11]","[12, 1]","[2, 3, 4, 5]","[6, 7]"
103,111-AT0901-East African Halophytics.nc,[3],[4],"[5, 6]","[7, 8, 9, 10, 11, 12, 1, 2]"
104,112-AT0902-Etosha Pan Halophytics.nc,[2],[3],"[4, 5]","[6, 7, 8, 9, 10, 11, 12, 1]"
105,113-AT0903-Inner Niger Delta Flooded Savanna.nc,[8],[9],[10],"[11, 12, 1, 2, 3, 4, 5, 6, 7]"
106,114-AT0904-Lake Chad Flooded Savanna.nc,[7],[8],[9],"[10, 11, 12, 1, 2, 3, 4, 5, 6]"
107,115-AT0905-Saharan Flooded Grasslands.nc,"[5, 6]","[7, 8, 9]","[10, 11, 12]","[1, 2, 3, 4]"
108,116-AT0906-Zambezian Coastal Flooded Savanna.nc,"[12, 1]","[2, 3, 4]","[5, 6, 7, 8]","[9, 10, 11]"
109,117-AT0907-Zambezian Flooded Grasslands.nc,"[10, 11, 12]","[1, 2, 3]","[4, 5, 6]","[7, 8, 9]"
110,118-AT0908-Zambezian Halophytics.nc,"[12, 1]",[2],"[3, 4, 5]","[6, 7, 8, 9, 10, 11]"
111,119-AT1001-Angolan Montane Forest-Grassland Mosaic.nc,"[10, 11]","[12, 1, 2, 3]","[4, 5, 6]","[7, 8, 9]"
112,120-AT1002-Angolan Scarp Savanna And Woodlands.nc,"[11, 12]","[1, 2, 3, 4]","[5, 6, 7]","[8, 9, 10]"
113,121-AT1003-Drakensberg Alti-Montane Grasslands And Woodlands.nc,"[10, 11, 12, 1]","[2, 3]","[4, 5]","[6, 7, 8, 9]"
114,"122-AT1004-Drakensberg Montane Grasslands, Woodlands And Forests.nc","[10, 11, 12]","[1, 2, 3]","[4, 5, 6]","[7, 8, 9]"
115,123-AT1005-East African Montane Moorlands.nc,[5],"[6, 7, 8, 9, 10, 11, 12, 1]","[2, 3]",[4]
116,124-AT1006-Eastern Zimbabwe Montane Forest-Grassland Mosaic.nc,"[11, 12, 1]","[2, 3]","[4, 5, 6]","[7, 8, 9, 10]"
117,125-AT1007-Ethiopian Montane Grasslands And Woodlands.nc,"[7, 8]",[9],"[10, 11]","[12, 1, 2, 3, 4, 5, 6]"
118,126-AT1008-Ethiopian Montane Moorlands.nc,"[7, 8]",[9],"[10, 11]","[12, 1, 2, 3, 4, 5, 6]"
119,127-AT1009-Highveld Grasslands.nc,"[11, 12]","[1, 2]","[3, 4, 5]","[6, 7, 8, 9, 10]"
120,128-AT1010-Jos Plateau Forest-Grassland Mosaic.nc,"[5, 6, 7]","[8, 9]","[10, 11]","[12, 1, 2, 3, 4]"
121,129-AT1011-Madagascar Ericoid Thickets.nc,"[11, 12, 1]","[2, 3, 4]","[5, 6, 7]","[8, 9, 10]"
122,130-AT1012-Maputaland-Pondoland Bushland And Thickets.nc,"[10, 11, 12]","[1, 2, 3]","[4, 5, 6]","[7, 8, 9]"
123,131-AT1013-Ruwenzori-Virunga Montane Moorlands.nc,"[3, 4]",[5],"[6, 7, 8, 9, 10, 11, 12]","[1, 2]"
124,132-AT1014-South Malawi Montane Forest-Grassland Mosaic.nc,"[12, 1]","[2, 3]","[4, 5, 6]","[7, 8, 9, 10, 11]"
125,133-AT1015-Southern Rift Montane Forest-Grassland Mosaic.nc,"[12, 1]","[2, 3]","[4, 5, 6]","[7, 8, 9, 10, 11]"
126,134-AT1201-Albany Thickets.nc,[2],"[3, 4]","[5, 6]","[7, 8, 9, 10, 11, 12, 1]"
127,135-AT1202-Lowland Fynbos And Renosterveld.nc,"[6, 7]",[8],"[9, 10]","[11, 12, 1, 2, 3, 4, 5]"
128,136-AT1203-Montane Fynbos And Renosterveld.nc,"[6, 7]",[8],"[9, 10]","[11, 12, 1, 2, 3, 4, 5]"
129,137-AT1301-Aldabra Island Xeric Scrub.nc,"[3, 4]","[5, 6]",[7],"[8, 9, 10, 11, 12, 1, 2]"
130,138-AT1302-Arabian Peninsula Coastal Fog Desert.nc,[10],[11],"[12, 1]","[2, 3, 4, 5, 6, 7, 8, 9]"
131,139-AT1303-East Saharan Montane Xeric Woodlands.nc,[8],[9],"[10, 11]","[12, 1, 2, 3, 4, 5, 6, 7]"
132,140-AT1304-Eritrean Coastal Desert.nc,"[8, 9]","[10, 11]","[12, 1, 2]","[3, 4, 5, 6, 7]"
133,141-AT1305-Ethiopian Xeric Grasslands And Shrublands.nc,[8],[9],"[10, 11]","[12, 1, 2, 3, 4, 5, 6, 7]"
134,142-AT1306-Gulf Of Oman Desert And Semi-Desert.nc,"[10, 11]","[12, 1, 2]","[3, 4, 5, 6]","[7, 8, 9]"
135,143-AT1307-Hobyo Grasslands And Shrublands.nc,[4],[5],"[6, 7, 8, 9, 10, 11, 12, 1]","[2, 3]"
136,144-AT1309-Kalahari Xeric Savanna.nc,"[1, 2]",[3],"[4, 5, 6]","[7, 8, 9, 10, 11, 12]"
137,145-AT1310-Kaokoveld Desert.nc,[3],[4],[5],"[6, 7, 8, 9, 10, 11, 12, 1, 2]"
138,146-AT1311-Madagascar Spiny Thickets.nc,[1],"[2, 3]","[4, 5, 6]","[7, 8, 9, 10, 11, 12]"
139,147-AT1312-Madagascar Succulent Woodlands.nc,"[12, 1]","[2, 3]","[4, 5, 6]","[7, 8, 9, 10, 11]"
140,148-AT1313-Masai Xeric Grasslands And Shrublands.nc,[3],[4],[5],"[6, 7, 8, 9, 10, 11, 12, 1, 2]"
141,149-AT1314-Nama Karoo.nc,[2],[3],"[4, 5, 6]","[7, 8, 9, 10, 11, 12, 1]"
142,150-AT1315-Namib Desert.nc,[1],[2],"[3, 4, 5]","[6, 7, 8, 9, 10, 11, 12]"
143,151-AT1316-Namibian Savanna Woodlands.nc,[3],[4],"[5, 6]","[7, 8, 9, 10, 11, 12, 1, 2]"
144,152-AT1318-Socotra Island Xeric Shrublands.nc,[10],"[11, 12, 1]","[2, 3, 4, 5, 6]","[7, 8, 9]"
145,153-AT1319-Somali Montane Xeric Woodlands.nc,[4],[5],"[6, 7, 8, 9, 10, 11, 12, 1]","[2, 3]"
146,154-AT1320-Southwestern Arabian Foothills Savanna.nc,[4],[5],[6],"[7, 8, 9, 10, 11, 12, 1, 2, 3]"
147,155-AT1321-Southwestern Arabian Montane Woodlands.nc,[8],[9],"[10, 11, 12]","[1, 2, 3, 4, 5, 6, 7]"
148,156-AT1322-Succulent Karoo.nc,"[6, 7]",[8],"[9, 10]","[11, 12, 1, 2, 3, 4, 5]"
149,157-AT1401-Central African Mangroves.nc,[3],"[4, 5]",[6],"[7, 8, 9, 10, 11, 12, 1, 2]"
150,158-AT1402-East African Mangroves.nc,"[12, 1]","[2, 3, 4]","[5, 6, 7]","[8, 9, 10, 11]"
151,159-AT1403-Guinean Mangroves.nc,"[7, 8]","[9, 10]","[11, 12, 1]","[2, 3, 4, 5, 6]"
152,160-AT1404-Madagascar Mangroves.nc,"[1, 2]","[3, 4]","[5, 6, 7]","[8, 9, 10, 11, 12]"
153,161-AT1405-Southern Africa Mangroves.nc,"[10, 11]","[12, 1, 2]","[3, 4, 5, 6]","[7, 8, 9]"
154,162-IM0101-Andaman Islands Rain Forests.nc,[8],"[9, 10, 11, 12, 1, 2, 3, 4]",[5],"[6, 7]"
155,163-IM0102-Borneo Lowland Rain Forests.nc,[3],"[4, 5, 6, 7, 8, 9]",[10],"[11, 12, 1, 2]"
156,164-IM0103-Borneo Montane Rain Forests.nc,[3],"[4, 5, 6, 7, 8, 9, 10]",[11],"[12, 1, 2]"
157,165-IM0104-Borneo Peat Swamp Forests.nc,[3],"[4, 5, 6, 7, 8, 9]",[10],"[11, 12, 1, 2]"
158,166-IM0105-Brahmaputra Valley Semi-Evergreen Forests.nc,"[4, 5, 6, 7, 8]","[9, 10]","[11, 12]","[1, 2, 3]"
159,167-IM0106-Cardamom Mountains Rain Forests.nc,"[5, 6, 7, 8, 9]","[10, 11]","[12, 1]","[2, 3, 4]"
160,168-IM0107-Chao Phraya Freshwater Swamp Forests.nc,[1],[2],[3],"[4, 5, 6, 7, 8, 9, 10, 11, 12]"
161,169-IM0108-Chao Phraya Lowland Moist Deciduous Forests.nc,"[4, 5, 6, 7, 8]","[9, 10]","[11, 12, 1]","[2, 3]"
162,170-IM0109-Chin Hills-Arakan Yoma Montane Forests.nc,"[5, 6, 7, 8]","[9, 10]","[11, 12, 1]","[2, 3, 4]"
163,171-IM0163-Tenasserim-South Thailand Semi-Evergreen Rain Forests.nc,"[9, 10]","[11, 12, 1, 2, 3, 4]",[5],"[6, 7, 8]"
164,172-IM0164-Tonle Sap Freshwater Swamp Forests.nc,"[4, 5, 6, 7, 8, 9, 10, 11, 12]",[1],[2],[3]
165,173-IM0165-Tonle Sap-Mekong Peat Swamp Forests.nc,"[4, 5, 6, 7, 8, 9, 10, 11, 12]",[1],[2],[3]
166,174-IM0166-Upper Gangetic Plains Moist Deciduous Forests.nc,"[7, 8, 9, 10, 11, 12, 1]",[2],[3],"[4, 5, 6]"
167,175-IM0167-Western Java Montane Rain Forests.nc,[4],"[5, 6, 7, 8]","[9, 10]","[11, 12, 1, 2, 3]"
168,176-IM0168-Western Java Rain Forests.nc,[1],[2],[3],"[4, 5, 6, 7, 8, 9, 10, 11, 12]"
169,177-IM0201-Central Deccan Plateau Dry Deciduous Forests.nc,[2],[3],[4],"[5, 6, 7, 8, 9, 10, 11, 12, 1]"
170,178-IM0202-Central Indochina Dry Forests.nc,"[4, 5, 6, 7, 8]","[9, 10]","[11, 12, 1]","[2, 3]"
171,179-IM0203-Chhota-Nagpur Dry Deciduous Forests.nc,"[6, 7, 8]",[9],"[10, 11]","[12, 1, 2, 3, 4, 5]"
172,180-IM0204-East Deccan Dry-Evergreen Forests.nc,[1],[2],[3],"[4, 5, 6, 7, 8, 9, 10, 11, 12]"
173,181-NA0409-North Atlantic Coast.nc,"[4, 5]","[6, 7, 8]","[9, 10, 11]","[12, 1, 2, 3]"
174,182-NA0410-North Central Tillplain.nc,"[4, 5, 6]","[7, 8]","[9, 10]","[11, 12, 1, 2, 3]"
175,183-NA0411-Northern Appalachian - Acadian.nc,"[5, 6]","[7, 8]","[9, 10]","[11, 12, 1, 2, 3, 4]"
176,184-NA0412-Ouachita Mountains.nc,[4],"[5, 6, 7, 8]","[9, 10, 11]","[12, 1, 2, 3]"
177,185-NA0413-Ozarks.nc,[4],"[5, 6, 7]","[8, 9, 10, 11]","[12, 1, 2, 3]"
178,186-NA0414-Piedmont.nc,[4],"[5, 6, 7, 8]","[9, 10, 11]","[12, 1, 2, 3]"
179,187-NA0415-Prairie-Forest Border.nc,"[5, 6]","[7, 8]","[9, 10]","[11, 12, 1, 2, 3, 4]"
180,188-NA0416-Southern Blue Ridge.nc,"[4, 5]","[6, 7, 8]","[9, 10, 11]","[12, 1, 2, 3]"
181,190-IM0111-Eastern Highlands Moist Deciduous Forests.nc,"[7, 8]",[9],"[10, 11]","[12, 1, 2, 3, 4, 5, 6]"
182,191-IM0112-Eastern Java-Bali Montane Rain Forests.nc,[4],"[5, 6, 7, 8, 9]",[10],"[11, 12, 1, 2, 3]"
183,192-IM0113-Eastern Java-Bali Rain Forests.nc,[1],[2],[3],"[4, 5, 6, 7, 8, 9, 10, 11, 12]"
184,193-IM0114-Greater Negros-Panay Rain Forests.nc,[6],"[7, 8, 9, 10, 11, 12, 1]","[2, 3, 4]",[5]
185,194-IM0169-Hainan Island Monsoon Rain Forests.nc,"[3, 4, 5]","[6, 7, 8, 9]","[10, 11, 12]","[1, 2]"
186,195-IM0115-Himalayan Subtropical Broadleaf Forests.nc,"[7, 8, 9, 10, 11, 12, 1]",[2],[3],"[4, 5, 6]"
187,196-IM0116-Irrawaddy Freshwater Swamp Forests.nc,[1],[2],"[3, 4]","[5, 6, 7, 8, 9, 10, 11, 12]"
188,197-IM0117-Irrawaddy Moist Deciduous Forests.nc,"[5, 6, 7, 8]","[9, 10, 11]","[12, 1, 2]","[3, 4]"
189,198-IM0118-Jian Nan Subtropical Evergreen Forests.nc,"[4, 5]","[6, 7, 8]","[9, 10, 11]","[12, 1, 2, 3]"
190,199-IM0119-Kayah-Karen Montane Rain Forests.nc,"[5, 6, 7, 8]","[9, 10]","[11, 12, 1, 2]","[3, 4]"
191,200-IM0120-Lower Gangetic Plains Moist Deciduous Forests.nc,[1],[2],[3],"[4, 5, 6, 7, 8, 9, 10, 11, 12]"
192,201-IM0121-Luang Prabang Montane Rain Forests.nc,"[5, 6, 7, 8]","[9, 10]","[11, 12, 1]","[2, 3, 4]"
193,202-IM0122-Luzon Montane Rain Forests.nc,[2],"[3, 4]",[5],"[6, 7, 8, 9, 10, 11, 12, 1]"
194,203-IM0123-Luzon Rain Forests.nc,[1],[2],[3],"[4, 5, 6, 7, 8, 9, 10, 11, 12]"
195,204-IM0124-Malabar Coast Moist Forests.nc,[8],[9],"[10, 11, 12]","[1, 2, 3, 4, 5, 6, 7]"
196,205-IM0125-Maldives-Lakshadweep-Chagos Archipelago Tropical Moist Forests.nc,"[6, 7, 8]","[9, 10, 11]","[12, 1, 2, 3]","[4, 5]"
197,206-IM0126-Meghalaya Subtropical Forests.nc,"[4, 5, 6]","[7, 8, 9, 10]","[11, 12, 1]","[2, 3]"
198,207-IM0127-Mentawai Islands Rain Forests.nc,[2],"[3, 4, 5]","[6, 7, 8, 9]","[10, 11, 12, 1]"
199,208-IM0128-Mindanao Montane Rain Forests.nc,[2],[3],[4],"[5, 6, 7, 8, 9, 10, 11, 12, 1]"
200,209-IM0129-Mindanao-Eastern Visayas Rain Forests.nc,[6],"[7, 8, 9, 10, 11, 12, 1]","[2, 3, 4]",[5]
201,210-IM0130-Mindoro Rain Forests.nc,[1],[2],[3],"[4, 5, 6, 7, 8, 9, 10, 11, 12]"
202,211-IM0131-Mizoram-Manipur-Kachin Rain Forests.nc,"[5, 6, 7, 8]","[9, 10]","[11, 12, 1]","[2, 3, 4]"
203,212-IM0132-Myanmar Coastal Rain Forests.nc,[9],"[10, 11]","[12, 1, 2]","[3, 4, 5, 6, 7, 8]"
204,213-IM0170-Nansei Islands Subtropical Evergreen Forests.nc,"[3, 4, 5, 6]","[7, 8, 9]","[10, 11]","[12, 1, 2]"
205,214-IM0133-Nicobar Islands Rain Forests.nc,"[12, 1, 2]","[3, 4, 5]","[6, 7, 8]","[9, 10, 11]"
206,215-IM0134-North Western Ghats Moist Deciduous Forests.nc,[8],[9],"[10, 11, 12]","[1, 2, 3, 4, 5, 6, 7]"
207,216-IM0135-North Western Ghats Montane Rain Forests.nc,[9],"[10, 11, 12, 1, 2, 3, 4]",[5],"[6, 7, 8]"
208,217-IM0136-Northern Annamites Rain Forests.nc,"[5, 6, 7, 8]","[9, 10]","[11, 12, 1]","[2, 3, 4]"
209,218-IM0137-Northern Indochina Subtropical Forests.nc,"[5, 6, 7]","[8, 9, 10]","[11, 12, 1]","[2, 3, 4]"
210,219-IM0138-Northern Khorat Plateau Moist Deciduous Forests.nc,"[4, 5, 6, 7, 8]","[9, 10]","[11, 12]","[1, 2, 3]"
211,220-IM0139-Northern Thailand-Laos Moist Deciduous Forests.nc,"[5, 6, 7, 8]","[9, 10]","[11, 12, 1]","[2, 3, 4]"
212,221-IM0140-Northern Triangle Subtropical Forests.nc,"[5, 6, 7]","[8, 9, 10]","[11, 12, 1]","[2, 3, 4]"
213,222-IM0141-Northern Vietnam Lowland Rain Forests.nc,[3],[4],[5],"[6, 7, 8, 9, 10, 11, 12, 1, 2]"
214,223-IM0142-Orissa Semi-Evergreen Forests.nc,[9],[10],[11],"[12, 1, 2, 3, 4, 5, 6, 7, 8]"
215,224-IM0143-Palawan Rain Forests.nc,[7],"[8, 9, 10, 11, 12, 1]","[2, 3]","[4, 5, 6]"
216,225-IM0144-Peninsular Malaysian Montane Rain Forests.nc,[1],"[2, 3, 4, 5]","[6, 7, 8, 9]","[10, 11, 12]"
217,226-IM0145-Peninsular Malaysian Peat Swamp Forests.nc,[2],[3],[4],"[5, 6, 7, 8, 9, 10, 11, 12, 1]"
218,227-IM0146-Peninsular Malaysian Rain Forests.nc,[2],[3],[4],"[5, 6, 7, 8, 9, 10, 11, 12, 1]"
219,228-IM0147-Red River Freshwater Swamp Forests.nc,"[3, 4]",[5],"[6, 7, 8, 9, 10, 11, 12]","[1, 2]"
220,230-IM0149-South China-Vietnam Subtropical Evergreen Forests.nc,"[4, 5, 6, 7]","[8, 9, 10]","[11, 12]","[1, 2, 3]"
221,231-IM0171-South Taiwan Monsoon Rain Forests.nc,[3],[4],"[5, 6, 7, 8, 9, 10, 11, 12]","[1, 2]"
222,232-IM0150-South Western Ghats Moist Deciduous Forests.nc,[4],[5],"[6, 7, 8, 9, 10, 11, 12, 1]","[2, 3]"
223,233-IM0151-South Western Ghats Montane Rain Forests.nc,[9],"[10, 11, 12, 1, 2, 3, 4]",[5],"[6, 7, 8]"
224,234-IM0152-Southern Annamites Montane Rain Forests.nc,[9],"[10, 11, 12, 1]","[2, 3, 4, 5]","[6, 7, 8]"
225,235-IM0153-Southwest Borneo Freshwater Swamp Forests.nc,"[3, 4]","[5, 6, 7, 8, 9, 10]",[11],"[12, 1, 2]"
226,236-IM0154-Sri Lanka Lowland Rain Forests.nc,"[8, 9, 10, 11, 12]","[1, 2, 3]",[4],"[5, 6, 7]"
227,237-IM0155-Sri Lanka Montane Rain Forests.nc,"[6, 7, 8, 9, 10, 11, 12, 1]","[2, 3]",[4],[5]
228,238-IM0156-Sulu Archipelago Rain Forests.nc,[2],"[3, 4, 5, 6]","[7, 8, 9]","[10, 11, 12, 1]"
229,239-IM0157-Sumatran Freshwater Swamp Forests.nc,[3],[4],"[5, 6]","[7, 8, 9, 10, 11, 12, 1, 2]"
230,240-IM0158-Sumatran Lowland Rain Forests.nc,[1],[2],[3],"[4, 5, 6, 7, 8, 9, 10, 11, 12]"
231,241-IM0159-Sumatran Montane Rain Forests.nc,[6],[7],[8],"[9, 10, 11, 12, 1, 2, 3, 4, 5]"
232,242-IM0160-Sumatran Peat Swamp Forests.nc,[3],"[4, 5, 6, 7, 8, 9]",[10],"[11, 12, 1, 2]"
233,243-IM0161-Sundaland Heath Forests.nc,[3],"[4, 5, 6, 7, 8, 9, 10]",[11],"[12, 1, 2]"
234,244-IM0162-Sundarbans Freshwater Swamp Forests.nc,[2],[3],[4],"[5, 6, 7, 8, 9, 10, 11, 12, 1]"
235,245-IM0172-Taiwan Subtropical Evergreen Forests.nc,"[3, 4]",[5],[6],"[7, 8, 9, 10, 11, 12, 1, 2]"
236,246-IM0205-Irrawaddy Dry Forests.nc,"[8, 9]",[10],"[11, 12]","[1, 2, 3, 4, 5, 6, 7]"
237,247-IM0206-Khathiar-Gir Dry Deciduous Forests.nc,"[7, 8, 9, 10, 11, 12, 1]",[2],[3],"[4, 5, 6]"
238,248-IM0207-Narmada Valley Dry Deciduous Forests.nc,"[7, 8, 9, 10, 11, 12, 1]",[2],[3],"[4, 5, 6]"
239,249-IM0208-Northern Dry Deciduous Forests.nc,[8],[9],"[10, 11]","[12, 1, 2, 3, 4, 5, 6, 7]"
240,250-IM0209-South Deccan Plateau Dry Deciduous Forests.nc,[9],"[10, 11]","[12, 1]","[2, 3, 4, 5, 6, 7, 8]"
241,251-IM0210-Southeastern Indochina Dry Evergreen Forests.nc,"[5, 6, 7, 8]","[9, 10]","[11, 12, 1]","[2, 3, 4]"
242,252-IM0211-Southern Vietnam Lowland Dry Forests.nc,[2],[3],[4],"[5, 6, 7, 8, 9, 10, 11, 12, 1]"
243,253-IM0212-Sri Lanka Dry-Zone Dry Evergreen Forests.nc,[4],"[5, 6, 7, 8, 9, 10, 11, 12, 1]",[2],[3]
244,254-IM0301-Himalayan Subtropical Pine Forests.nc,[7],[8],"[9, 10]","[11, 12, 1, 2, 3, 4, 5, 6]"
245,255-IM0302-Luzon Tropical Pine Forests.nc,[10],"[11, 12, 1, 2]","[3, 4, 5, 6]","[7, 8, 9]"
246,256-IM1301-Deccan Thorn Scrub Forests.nc,"[8, 9]",[10],"[11, 12, 1]","[2, 3, 4, 5, 6, 7]"
247,257-IM1302-Indus Valley Desert.nc,"[12, 1]",[2],[3],"[4, 5, 6, 7, 8, 9, 10, 11]"
248,258-IM1303-Northwestern Thorn Scrub Forests.nc,"[7, 8, 9, 10, 11, 12, 1]",[2],[3],"[4, 5, 6]"
249,259-IM1304-Thar Desert.nc,"[7, 8, 9, 10, 11, 12, 1]",[2],[3],"[4, 5, 6]"
250,260-IM1401-Goadavari-Krishna Mangroves.nc,[9],[10],[11],"[12, 1, 2, 3, 4, 5, 6, 7, 8]"
251,261-IM1402-Indochina Mangroves.nc,[1],[2],[3],"[4, 5, 6, 7, 8, 9, 10, 11, 12]"
252,262-IM1403-Indus River Delta-Arabian Sea Mangroves.nc,[8],[9],"[10, 11, 12]","[1, 2, 3, 4, 5, 6, 7]"
253,263-IM1404-Myanmar Coast Mangroves.nc,"[8, 9]",[10],[11],"[12, 1, 2, 3, 4, 5, 6, 7]"
254,264-IM1405-Sunda Shelf Mangroves.nc,[3],"[4, 5, 6, 7, 8, 9, 10]",[11],"[12, 1, 2]"
255,265-IM1406-Sundarbans Mangroves.nc,[9],[10],[11],"[12, 1, 2, 3, 4, 5, 6, 7, 8]"
256,267-NA0303-Sierra Madre Oriental Pine-Oak Forests.nc,"[5, 6]","[7, 8, 9]","[10, 11, 12]","[1, 2, 3, 4]"
257,268-NA0813-Southern Shortgrass Prairie.nc,[7],[8],"[9, 10]","[11, 12, 1, 2, 3, 4, 5, 6]"
258,269-NA0601-Alaska Peninsula.nc,[6],[7],"[8, 9]","[10, 11, 12, 1, 2, 3, 4, 5]"
259,270-NA1102-Alaska-Yukon Arctic.nc,[6],[7],[8],"[9, 10, 11, 12, 1, 2, 3, 4, 5]"
260,271-NA1103-Arctic Cordillera.nc,[7],[8],[9],"[10, 11, 12, 1, 2, 3, 4, 5, 6]"
261,272-NA1104-Bering Sea And Aleutian Islands.nc,[6],"[7, 8]",[9],"[10, 11, 12, 1, 2, 3, 4, 5]"
262,273-NA1105-Beringian Tundra.nc,[6],[7],[8],"[9, 10, 11, 12, 1, 2, 3, 4, 5]"
263,274-NA1106-Bristol Bay Basin.nc,[6],[7],"[8, 9]","[10, 11, 12, 1, 2, 3, 4, 5]"
264,275-NA1107-Northern Arctic.nc,[6],[7],[8],"[9, 10, 11, 12, 1, 2, 3, 4, 5]"
265,276-IM0303-Northeast India-Myanmar Pine Forests.nc,"[5, 6, 7, 8]","[9, 10]","[11, 12, 1]","[2, 3, 4]"
266,277-IM0304-Sumatran Tropical Pine Forests.nc,[1],"[2, 3, 4, 5, 6, 7]","[8, 9]","[10, 11, 12]"
267,278-IM0401-Eastern Himalayan Broadleaf Forests.nc,"[5, 6, 7]","[8, 9, 10]","[11, 12, 1]","[2, 3, 4]"
268,279-IM0402-Northern Triangle Temperate Forests.nc,"[5, 6, 7]","[8, 9, 10]","[11, 12, 1]","[2, 3, 4]"
269,280-IM0403-Western Himalayan Broadleaf Forests.nc,"[4, 5]","[6, 7, 8]","[9, 10, 11]","[12, 1, 2, 3]"
270,281-IM0501-Eastern Himalayan Subalpine Conifer Forests.nc,[9],[10],[11],"[12, 1, 2, 3, 4, 5, 6, 7, 8]"
271,282-IM0502-Western Himalayan Subalpine Conifer Forests.nc,"[1, 2]",[3],[4],"[5, 6, 7, 8, 9, 10, 11, 12]"
272,283-IM0701-Terai-Duar Savanna And Grasslands.nc,[1],[2],[3],"[4, 5, 6, 7, 8, 9, 10, 11, 12]"
273,284-IM0901-Rann Of Kutch Seasonal Salt Marsh.nc,[8],"[9, 10]","[11, 12, 1, 2]","[3, 4, 5, 6, 7]"
274,285-IM1001-Kinabalu Montane Alpine Meadows.nc,"[2, 3, 4, 5, 6, 7]",[8],[9],"[10, 11, 12, 1]"
275,286-NT0204-Bajío Dry Forests.nc,[7],"[8, 9]","[10, 11]","[12, 1, 2, 3, 4, 5, 6]"
276,287-NA1112-Kalaallit Nunaat High Arctic Tundra.nc,[6],[7],[8],"[9, 10, 11, 12, 1, 2, 3, 4, 5]"
277,288-NA1113-Kalaallit Nunaat Low Arctic Tundra.nc,[6],[7],[8],"[9, 10, 11, 12, 1, 2, 3, 4, 5]"
278,289-NA1303-Central Mexican Matorral.nc,[7],"[8, 9]","[10, 11]","[12, 1, 2, 3, 4, 5, 6]"
279,290-NA1309-Gulf Of California Xeric Scrub.nc,[9],"[10, 11]","[12, 1, 2]","[3, 4, 5, 6, 7, 8]"
280,291-NA1310-Meseta Central Matorral.nc,[7],"[8, 9]","[10, 11, 12]","[1, 2, 3, 4, 5, 6]"
281,292-NT0150-Alto Paraná Atlantic Forests.nc,[3],"[4, 5, 6, 7, 8, 9, 10, 11, 12]",[1],[2]
282,293-NT0101-Araucaria Moist Forests.nc,"[5, 6, 7, 8, 9, 10, 11, 12]","[1, 2]",[3],[4]
283,294-NT0102-Atlantic Coast Restingas.nc,"[10, 11, 12]","[1, 2, 3, 4]","[5, 6, 7]","[8, 9]"
284,295-NT0103-Bahia Coastal Forests.nc,[4],"[5, 6, 7, 8, 9, 10, 11, 12]",[1],"[2, 3]"
285,296-NT0104-Bahia Interior Forests.nc,[11],"[12, 1, 2, 3]","[4, 5, 6, 7]","[8, 9, 10]"
286,297-NT0105-Bolivian Yungas.nc,"[9, 10]","[11, 12, 1]","[2, 3, 4, 5]","[6, 7, 8]"
287,298-NT0106-Caatinga Enclaves Moist Forests.nc,"[1, 2]","[3, 4, 5]","[6, 7, 8]","[9, 10, 11, 12]"
288,299-NT0107-Caqueta Moist Forests.nc,[9],"[10, 11, 12, 1]","[2, 3, 4, 5]","[6, 7, 8]"
289,300-NT0108-Catatumbo Moist Forests.nc,[4],"[5, 6, 7, 8, 9, 10, 11, 12]",[1],"[2, 3]"
290,301-NT0109-Cauca Valley Montane Forests.nc,[7],[8],[9],"[10, 11, 12, 1, 2, 3, 4, 5, 6]"
291,302-NT0110-Cayos Miskitos-San Andrés & Providencia Moist Forests.nc,[7],"[8, 9, 10, 11, 12, 1]","[2, 3, 4]","[5, 6]"
292,303-NT0111-Central American Atlantic Moist Forests.nc,[6],"[7, 8, 9, 10, 11, 12, 1]","[2, 3]","[4, 5]"
293,304-NT0112-Central American Montane Forests.nc,[6],"[7, 8, 9]","[10, 11, 12, 1]","[2, 3, 4, 5]"
294,305-NT0113-Chiapas Montane Forests.nc,"[5, 6]","[7, 8, 9, 10]","[11, 12, 1, 2]","[3, 4]"
295,306-NT0114-Chimalapas Montane Forests.nc,"[5, 6]","[7, 8, 9]","[10, 11, 12, 1]","[2, 3, 4]"
296,307-NT0115-Chocó-Darién Moist Forests.nc,[3],[4],[5],"[6, 7, 8, 9, 10, 11, 12, 1, 2]"
297,309-NT0117-Cordillera La Costa Montane Forests.nc,"[6, 7]","[8, 9, 10, 11]","[12, 1, 2]","[3, 4, 5]"
298,310-NT0118-Cordillera Oriental Montane Forests.nc,[12],[1],[2],"[3, 4, 5, 6, 7, 8, 9, 10, 11]"
299,311-NT0119-Costa Rican Seasonal Moist Forests.nc,[6],"[7, 8, 9, 10, 11]","[12, 1]","[2, 3, 4, 5]"
300,312-NT0120-Cuban Moist Forests.nc,"[5, 6]","[7, 8, 9, 10]","[11, 12, 1, 2]","[3, 4]"
301,313-NT0121-Eastern Cordillera Real Montane Forests.nc,[8],"[9, 10]","[11, 12]","[1, 2, 3, 4, 5, 6, 7]"
302,314-NT0122-Eastern Panamanian Montane Forests.nc,[12],"[1, 2]",[3],"[4, 5, 6, 7, 8, 9, 10, 11]"
303,316-NT0149-Guianan Freshwater Swamp Forests.nc,"[7, 8, 9, 10, 11, 12, 1]",[2],[3],"[4, 5, 6]"
304,317-NT0124-Guianan Highlands Moist Forests.nc,[8],"[9, 10, 11, 12, 1, 2, 3]",[4],"[5, 6, 7]"
305,318-NT0125-Guianan Moist Forests.nc,"[5, 6, 7, 8]","[9, 10, 11, 12]",[1],"[2, 3, 4]"
306,319-NT0182-Guianan Piedmont And Lowland Moist Forests.nc,"[5, 6, 7]","[8, 9, 10, 11]","[12, 1]","[2, 3, 4]"
307,320-NT0126-Gurupa Varzeá.nc,"[10, 11]",[12],[1],"[2, 3, 4, 5, 6, 7, 8, 9]"
308,321-NT0127-Hispaniolan Moist Forests.nc,"[4, 5, 6]","[7, 8, 9, 10]","[11, 12, 1]","[2, 3]"
309,322-NT0128-Iquitos Varzeá.nc,"[5, 6, 7, 8, 9]","[10, 11]","[12, 1]","[2, 3, 4]"
310,323-NT0129-Isthmian-Atlantic Moist Forests.nc,[6],"[7, 8, 9, 10, 11, 12, 1]","[2, 3]","[4, 5]"
311,324-NT0130-Isthmian-Pacific Moist Forests.nc,[5],"[6, 7, 8, 9, 10, 11, 12]","[1, 2]","[3, 4]"
312,325-NT0131-Jamaican Moist Forests.nc,"[5, 6, 7, 8, 9]","[10, 11]","[12, 1, 2]","[3, 4]"
313,326-NT0132-Japurá-Solimoes-Negro Moist Forests.nc,"[6, 7, 8, 9]","[10, 11, 12, 1]",[2],"[3, 4, 5]"
314,327-NT0133-Juruá-Purus Moist Forests.nc,"[5, 6, 7, 8]","[9, 10, 11, 12]",[1],"[2, 3, 4]"
315,328-NT0134-Leeward Islands Moist Forests.nc,"[1, 2, 3, 4, 5, 6]",[7],"[8, 9]","[10, 11, 12]"
316,329-NT0135-Madeira-Tapajós Moist Forests.nc,[10],"[11, 12, 1, 2, 3, 4]","[5, 6]","[7, 8, 9]"
317,330-NT0136-Magdalena Valley Montane Forests.nc,[5],"[6, 7, 8, 9, 10, 11, 12]",[1],"[2, 3, 4]"
318,331-NT0137-Magdalena-Urabá Moist Forests.nc,"[4, 5]","[6, 7, 8, 9, 10, 11]","[12, 1]","[2, 3]"
319,332-NT0138-Marajó Varzeá.nc,"[5, 6, 7, 8]","[9, 10, 11]","[12, 1]","[2, 3, 4]"
320,333-NT0139-Maranhao Babaçu Forests.nc,"[1, 2]","[3, 4, 5]","[6, 7, 8]","[9, 10, 11, 12]"
321,334-NT0140-Mato Grosso Seasonal Forests.nc,[3],"[4, 5, 6, 7, 8, 9, 10, 11, 12]",[1],[2]
322,335-NT0141-Monte Alegre Varzeá.nc,[10],"[11, 12]","[1, 2]","[3, 4, 5, 6, 7, 8, 9]"
323,336-NT0142-Napo Moist Forests.nc,[9],"[10, 11, 12, 1]","[2, 3, 4, 5]","[6, 7, 8]"
324,337-NT0143-Negro-Branco Moist Forests.nc,"[7, 8, 9]","[10, 11, 12, 1, 2]",[3],"[4, 5, 6]"
325,338-NT0144-Northeastern Brazil Restingas.nc,[2],"[3, 4, 5]","[6, 7, 8]","[9, 10, 11, 12, 1]"
326,339-NT0145-Northwestern Andean Montane Forests.nc,[7],[8],[9],"[10, 11, 12, 1, 2, 3, 4, 5, 6]"
327,340-NT0146-Oaxacan Montane Forests.nc,"[11, 12, 1, 2, 3]",[4],[5],"[6, 7, 8, 9, 10]"
328,341-NT0147-Orinoco Delta Swamp Forests.nc,"[8, 9]","[10, 11, 12]","[1, 2, 3, 4]","[5, 6, 7]"
329,342-NT0148-Pantanos De Centla.nc,[6],"[7, 8, 9, 10, 11, 12, 1]","[2, 3, 4]",[5]
330,343-NT0223-Marañón Dry Forests.nc,[3],"[4, 5, 6, 7, 8, 9, 10, 11, 12]",[1],[2]
331,344-NT0224-Panamanian Dry Forests.nc,[6],"[7, 8, 9, 10, 11]","[12, 1]","[2, 3, 4, 5]"
332,345-NT0225-Patía Valley Dry Forests.nc,[10],"[11, 12, 1, 2, 3, 4, 5, 6]",[7],"[8, 9]"
333,346-NT0226-Puerto Rican Dry Forests.nc,"[9, 10]","[11, 12, 1]","[2, 3, 4, 5]","[6, 7, 8]"
334,347-NT0227-Sierra De La Laguna Dry Forests.nc,[8],"[9, 10]","[11, 12, 1]","[2, 3, 4, 5, 6, 7]"
335,348-NT0228-Sinaloan Dry Forests.nc,[7],"[8, 9]","[10, 11]","[12, 1, 2, 3, 4, 5, 6]"
336,349-NT0229-Sinú Valley Dry Forests.nc,"[4, 5, 6]","[7, 8, 9, 10]","[11, 12, 1]","[2, 3]"
337,350-NT0230-Southern Pacific Dry Forests.nc,[6],"[7, 8, 9, 10]","[11, 12, 1]","[2, 3, 4, 5]"
338,351-NT0232-Tumbes-Piura Dry Forests.nc,[3],[4],"[5, 6]","[7, 8, 9, 10, 11, 12, 1, 2]"
339,352-NT0233-Veracruz Dry Forests.nc,[6],"[7, 8, 9, 10]","[11, 12, 1]","[2, 3, 4, 5]"
340,354-NT0904-Tropical Florida.nc,"[4, 5, 6]","[7, 8, 9]","[10, 11, 12, 1]","[2, 3]"
341,355-NT9898-Lake: Neotropic.nc,"[3, 4]",[5],"[6, 7]","[8, 9, 10, 11, 12, 1, 2]"
342,356-NT9999-Rock And Ice: Neotropic.nc,[1],[2],[3],"[4, 5, 6, 7, 8, 9, 10, 11, 12]"
343,357-OC0106-Hawaiian High Islands: Hawaii Tropical Moist Forests.nc,[6],"[7, 8, 9, 10, 11, 12, 1]",[2],"[3, 4, 5]"
344,358-OC0202-Hawaiian High Islands: Hawaii Tropical Dry Forests.nc,"[10, 11, 12]",[1],"[2, 3]","[4, 5, 6, 7, 8, 9]"
345,359-OC0701-Hawaiian High Islands: Hawaii Tropical High Shrublands.nc,[4],"[5, 6, 7, 8, 9, 10, 11, 12, 1]",[2],[3]
346,360-NT0169-Pantepui.nc,[8],"[9, 10, 11, 12, 1, 2, 3]",[4],"[5, 6, 7]"
347,361-NT0151-Pernambuco Coastal Forests.nc,"[3, 4]","[5, 6, 7]","[8, 9, 10]","[11, 12, 1, 2]"
348,362-NT0152-Pernambuco Interior Forests.nc,"[3, 4]","[5, 6, 7]","[8, 9, 10]","[11, 12, 1, 2]"
349,363-NT0153-Peruvian Yungas.nc,[5],"[6, 7]",[8],"[9, 10, 11, 12, 1, 2, 3, 4]"
350,364-NT0154-Petén-Veracruz Moist Forests.nc,[6],"[7, 8, 9, 10, 11, 12]","[1, 2, 3]","[4, 5]"
351,365-NT0155-Puerto Rican Moist Forests.nc,[5],"[6, 7, 8, 9, 10, 11, 12]","[1, 2]","[3, 4]"
352,366-NT0156-Purus Varzeá.nc,"[5, 6, 7, 8]","[9, 10, 11, 12]",[1],"[2, 3, 4]"
353,367-NT0157-Purus-Madeira Moist Forests.nc,"[6, 7, 8]","[9, 10, 11, 12, 1]",[2],"[3, 4, 5]"
354,368-NT0158-Rio Negro Campinarana.nc,[9],"[10, 11, 12, 1]","[2, 3, 4, 5]","[6, 7, 8]"
355,369-NT0159-Santa Marta Montane Forests.nc,[12],[1],[2],"[3, 4, 5, 6, 7, 8, 9, 10, 11]"
356,370-NT0160-Serra Do Mar Coastal Forests.nc,"[10, 11]","[12, 1, 2]","[3, 4, 5]","[6, 7, 8, 9]"
357,371-NT0161-Sierra De Los Tuxtlas.nc,"[6, 7]","[8, 9, 10, 11, 12]","[1, 2, 3]","[4, 5]"
358,372-NT0162-Sierra Madre De Chiapas Moist Forests.nc,"[5, 6]","[7, 8, 9, 10]","[11, 12, 1]","[2, 3, 4]"
359,373-NT0163-Solimoes-Japurá Moist Forests.nc,[9],"[10, 11, 12, 1]","[2, 3, 4, 5]","[6, 7, 8]"
360,374-NT0165-Southern Andean Yungas.nc,"[10, 11]","[12, 1, 2]","[3, 4, 5, 6]","[7, 8, 9]"
361,375-NT0166-Southwest Amazon Moist Forests.nc,"[9, 10]","[11, 12, 1]","[2, 3, 4]","[5, 6, 7, 8]"
362,376-NT0167-Talamancan Montane Forests.nc,[12],"[1, 2]",[3],"[4, 5, 6, 7, 8, 9, 10, 11]"
363,377-NT0168-Tapajós-Xingu Moist Forests.nc,"[5, 6, 7, 8, 9]","[10, 11, 12]",[1],"[2, 3, 4]"
364,378-NT0170-Tocantins-Pindare Moist Forests.nc,"[1, 2]","[3, 4, 5]","[6, 7, 8]","[9, 10, 11, 12]"
365,380-NT0171-Trinidad And Tobago Moist Forests.nc,[7],"[8, 9, 10, 11]","[12, 1, 2]","[3, 4, 5, 6]"
366,381-NT0173-Uatuma-Trombetas Moist Forests.nc,"[5, 6, 7, 8, 9]","[10, 11, 12]",[1],"[2, 3, 4]"
367,382-NT0174-Ucayali Moist Forests.nc,"[8, 9]","[10, 11, 12, 1]","[2, 3, 4]","[5, 6, 7]"
368,383-NT0175-Venezuelan Andes Montane Forests.nc,[5],"[6, 7, 8, 9, 10, 11, 12]","[1, 2]","[3, 4]"
369,384-NT0176-Veracruz Moist Forests.nc,"[5, 6, 7]","[8, 9, 10]","[11, 12, 1]","[2, 3, 4]"
370,385-NT0177-Veracruz Montane Forests.nc,[3],[4],[5],"[6, 7, 8, 9, 10, 11, 12, 1, 2]"
371,386-NT0178-Western Ecuador Moist Forests.nc,[2],[3],[4],"[5, 6, 7, 8, 9, 10, 11, 12, 1]"
372,387-NT0179-Windward Islands Moist Forests.nc,"[6, 7]","[8, 9, 10, 11, 12]","[1, 2, 3]","[4, 5]"
373,388-NT0180-Xingu-Tocantins-Araguaia Moist Forests.nc,"[10, 11, 12, 1, 2, 3]","[4, 5]","[6, 7]","[8, 9]"
374,389-NT0181-Yucatán Moist Forests.nc,"[6, 7]","[8, 9, 10, 11]","[12, 1, 2]","[3, 4, 5]"
375,390-NT0201-Apure-Villavicencio Dry Forests.nc,"[4, 5, 6]","[7, 8, 9, 10]","[11, 12, 1]","[2, 3]"
376,391-NT0202-Atlantic Dry Forests.nc,[11],"[12, 1, 2, 3]","[4, 5]","[6, 7, 8, 9, 10]"
377,392-NT0205-Balsas Dry Forests.nc,[6],"[7, 8, 9]","[10, 11, 12]","[1, 2, 3, 4, 5]"
378,393-NT0206-Bolivian Montane Dry Forests.nc,"[10, 11, 12, 1]","[2, 3]","[4, 5, 6]","[7, 8, 9]"
379,394-NT0207-Cauca Valley Dry Forests.nc,"[3, 4]",[5],"[6, 7, 8, 9, 10, 11, 12]","[1, 2]"
380,395-NT0209-Central American Dry Forests.nc,"[5, 6]","[7, 8, 9, 10]","[11, 12, 1]","[2, 3, 4]"
381,396-NT0211-Chiapas Depression Dry Forests.nc,"[5, 6]","[7, 8, 9]","[10, 11, 12]","[1, 2, 3, 4]"
382,397-NT0212-Chiquitano Dry Forests.nc,"[10, 11]","[12, 1, 2, 3]","[4, 5, 6, 7]","[8, 9]"
383,398-NT0213-Cuban Dry Forests.nc,"[5, 6]","[7, 8, 9, 10]","[11, 12, 1, 2]","[3, 4]"
384,399-NT0214-Ecuadorian Dry Forests.nc,[2],[3],"[4, 5]","[6, 7, 8, 9, 10, 11, 12, 1]"
385,400-NT0215-Hispaniolan Dry Forests.nc,"[8, 9]","[10, 11]","[12, 1]","[2, 3, 4, 5, 6, 7]"
386,401-NT0216-Islas Revillagigedo Dry Forests.nc,"[7, 8]","[9, 10, 11, 12, 1]","[2, 3, 4]","[5, 6]"
387,402-NT0217-Jalisco Dry Forests.nc,"[6, 7]","[8, 9, 10]","[11, 12, 1]","[2, 3, 4, 5]"
388,403-NT0218-Jamaican Dry Forests.nc,"[5, 6, 7, 8, 9]","[10, 11]","[12, 1]","[2, 3, 4]"
389,404-NT0219-Lara-Falcón Dry Forests.nc,[5],"[6, 7, 8, 9, 10, 11, 12]","[1, 2]","[3, 4]"
390,405-NT0220-Lesser Antillean Dry Forests.nc,"[6, 7]","[8, 9, 10, 11, 12]","[1, 2, 3]","[4, 5]"
391,406-NT0221-Magdalena Valley Dry Forests.nc,[10],"[11, 12, 1, 2, 3, 4, 5]","[6, 7]","[8, 9]"
392,407-NT0222-Maracaibo Dry Forests.nc,"[4, 5, 6]","[7, 8, 9, 10]","[11, 12, 1]","[2, 3]"
393,408-NT0235-Yucatán Dry Forests.nc,"[5, 6]","[7, 8, 9, 10]","[11, 12, 1, 2]","[3, 4]"
394,409-NT0301-Bahamian Pine Mosaic.nc,"[10, 11]","[12, 1, 2]","[3, 4, 5]","[6, 7, 8, 9]"
395,410-NT0302-Belizian Pine Forests.nc,"[7, 8]","[9, 10, 11, 12, 1]","[2, 3]","[4, 5, 6]"
396,411-NT0303-Central American Pine-Oak Forests.nc,"[5, 6]","[7, 8, 9, 10]","[11, 12, 1]","[2, 3, 4]"
397,412-NT0304-Cuban Pine Forests.nc,"[5, 6, 7]","[8, 9, 10, 11]","[12, 1, 2]","[3, 4]"
398,413-NT0305-Hispaniolan Pine Forests.nc,"[5, 6]","[7, 8, 9, 10]","[11, 12, 1]","[2, 3, 4]"
399,414-NT0306-Miskito Pine Forests.nc,"[7, 8, 9]","[10, 11, 12, 1]","[2, 3, 4]","[5, 6]"
400,415-NT0307-Sierra De La Laguna Pine-Oak Forests.nc,[8],"[9, 10]","[11, 12, 1]","[2, 3, 4, 5, 6, 7]"
401,416-NT0308-Sierra Madre De Oaxaca Pine-Oak Forests.nc,[6],"[7, 8, 9, 10]","[11, 12, 1]","[2, 3, 4, 5]"
402,417-NT0309-Sierra Madre Del Sur Pine-Oak Forests.nc,"[5, 6]","[7, 8, 9]","[10, 11, 12]","[1, 2, 3, 4]"
403,418-NT0310-Trans-Mexican Volcanic Belt Pine-Oak Forests.nc,"[6, 7]","[8, 9]","[10, 11, 12]","[1, 2, 3, 4, 5]"
404,419-NT0401-Juan Fernández Islands Temperate Forests.nc,"[7, 8, 9, 10, 11, 12]","[1, 2, 3]","[4, 5]",[6]
405,420-NT0402-Magellanic Subpolar Forests.nc,[11],"[12, 1, 2]",[3],"[4, 5, 6, 7, 8, 9, 10]"
406,422-NT0404-Valdivian Temperate Forests.nc,[11],"[12, 1, 2]","[3, 4]","[5, 6, 7, 8, 9, 10]"
407,423-NT0702-Beni Savanna.nc,[10],"[11, 12, 1, 2, 3]","[4, 5, 6, 7]","[8, 9]"
408,424-NT0703-Campos Rupestres Montane Savanna.nc,"[10, 11]","[12, 1, 2, 3]","[4, 5, 6, 7]","[8, 9]"
409,425-NT0704-Cerrado.nc,"[10, 11, 12]","[1, 2, 3]","[4, 5, 6, 7]","[8, 9]"
410,426-NT0210-Dry Chaco.nc,"[10, 11, 12]","[1, 2, 3]","[4, 5, 6]","[7, 8, 9]"
411,427-NT0707-Guianan Savanna.nc,"[5, 6]","[7, 8, 9]","[10, 11, 12, 1]","[2, 3, 4]"
412,428-NT0708-Humid Chaco.nc,[10],"[11, 12, 1, 2, 3]","[4, 5, 6, 7]","[8, 9]"
413,429-NT0709-Llanos.nc,"[5, 6]","[7, 8, 9, 10]","[11, 12, 1]","[2, 3, 4]"
414,430-NT0710-Uruguayan Savanna.nc,"[5, 6, 7, 8, 9, 10, 11, 12, 1]",[2],[3],[4]
415,431-NT0801-Espinal.nc,"[12, 1]",[2],[3],"[4, 5, 6, 7, 8, 9, 10, 11]"
416,432-NT0803-Humid Pampas.nc,[12],"[1, 2]",[3],"[4, 5, 6, 7, 8, 9, 10, 11]"
417,433-NT0802-Low Monte.nc,[4],[5],[6],"[7, 8, 9, 10, 11, 12, 1, 2, 3]"
418,434-NT0805-Patagonian Steppe.nc,[10],"[11, 12, 1]","[2, 3, 4]","[5, 6, 7, 8, 9]"
419,435-NT0902-Cuban Wetlands.nc,[5],"[6, 7, 8, 9, 10]","[11, 12, 1, 2]","[3, 4]"
420,436-NT0903-Enriquillo Wetlands.nc,[4],[5],"[6, 7, 8, 9, 10, 11, 12, 1]","[2, 3]"
421,437-NT0905-Guayaquil Flooded Grasslands.nc,[2],"[3, 4]",[5],"[6, 7, 8, 9, 10, 11, 12, 1]"
422,438-NT0906-Orinoco Wetlands.nc,"[6, 7]","[8, 9, 10]","[11, 12, 1, 2]","[3, 4, 5]"
423,439-NT0907-Pantanal.nc,[10],"[11, 12, 1, 2, 3]","[4, 5, 6, 7]","[8, 9]"
424,440-NT0908-Paraná Flooded Savanna.nc,"[9, 10]","[11, 12, 1, 2]","[3, 4, 5, 6]","[7, 8]"
425,441-NT0909-Southern Cone Mesopotamian Savanna.nc,[10],"[11, 12, 1, 2, 3]","[4, 5, 6]","[7, 8, 9]"
426,442-NT1001-Central Andean Dry Puna.nc,"[1, 2]",[3],"[4, 5]","[6, 7, 8, 9, 10, 11, 12]"
427,443-NT1002-Central Andean Puna.nc,"[1, 2]",[3],"[4, 5]","[6, 7, 8, 9, 10, 11, 12]"
428,444-NT1003-Central Andean Wet Puna.nc,[4],[5],"[6, 7]","[8, 9, 10, 11, 12, 1, 2, 3]"
429,445-NT1004-Cordillera Central Páramo.nc,[5],"[6, 7]",[8],"[9, 10, 11, 12, 1, 2, 3, 4]"
430,446-NT1005-Cordillera De Merida Páramo.nc,[12],[1],"[2, 3]","[4, 5, 6, 7, 8, 9, 10, 11]"
431,447-NT1010-High Monte.nc,[2],[3],"[4, 5]","[6, 7, 8, 9, 10, 11, 12, 1]"
432,448-NT1006-Northern Andean Páramo.nc,[12],[1],[2],"[3, 4, 5, 6, 7, 8, 9, 10, 11]"
433,449-NT1007-Santa Marta Páramo.nc,[12],"[1, 2]",[3],"[4, 5, 6, 7, 8, 9, 10, 11]"
434,450-NT1008-Southern Andean Steppe.nc,"[10, 11]","[12, 1, 2]","[3, 4, 5]","[6, 7, 8, 9]"
435,451-NT1201-Chilean Matorral.nc,"[9, 10]",[11],"[12, 1]","[2, 3, 4, 5, 6, 7, 8]"
436,452-NT1301-Araya And Paria Xeric Scrub.nc,"[6, 7]","[8, 9, 10]","[11, 12, 1, 2]","[3, 4, 5]"
437,453-NT1303-Atacama Desert.nc,[2],[3],"[4, 5, 6]","[7, 8, 9, 10, 11, 12, 1]"
438,454-NT1304-Caatinga.nc,"[2, 3]",[4],"[5, 6]","[7, 8, 9, 10, 11, 12, 1]"
439,455-NT1305-Caribbean Shrublands.nc,"[7, 8, 9]","[10, 11, 12, 1]","[2, 3, 4]","[5, 6]"
440,456-NT1306-Cuban Cactus Scrub.nc,"[5, 6]","[7, 8, 9, 10, 11]","[12, 1, 2]","[3, 4]"
441,457-NT1307-Galápagos Islands Scrubland Mosaic.nc,[2],"[3, 4]","[5, 6, 7]","[8, 9, 10, 11, 12, 1]"
442,458-NT1308-Guajira-Barranquilla Xeric Scrub.nc,"[9, 10]",[11],"[12, 1]","[2, 3, 4, 5, 6, 7, 8]"
443,459-NT1309-La Costa Xeric Shrublands.nc,"[6, 7]","[8, 9, 10]","[11, 12, 1]","[2, 3, 4, 5]"
444,461-NT1312-Motagua Valley Thornscrub.nc,"[5, 6]","[7, 8, 9, 10]","[11, 12]","[1, 2, 3, 4]"
445,462-NT1313-Paraguana Xeric Scrub.nc,"[8, 9]","[10, 11]","[12, 1]","[2, 3, 4, 5, 6, 7]"
446,463-NT1314-San Lucan Xeric Scrub.nc,[8],[9],"[10, 11, 12, 1]","[2, 3, 4, 5, 6, 7]"
447,464-NT1315-Sechura Desert.nc,[3],[4],"[5, 6]","[7, 8, 9, 10, 11, 12, 1, 2]"
448,466-NT1316-Tehuacan Valley Matorral.nc,"[6, 7]","[8, 9]","[10, 11]","[12, 1, 2, 3, 4, 5]"
449,467-NT1401-Amazon-Orinoco-Southern Caribbean Mangroves.nc,"[7, 8]","[9, 10, 11, 12]","[1, 2, 3, 4]","[5, 6]"
450,468-NT1402-Bahamian-Antillean Mangroves.nc,"[5, 6, 7, 8, 9]","[10, 11]","[12, 1]","[2, 3, 4]"
451,469-NT1403-Mesoamerican Gulf-Caribbean Mangroves.nc,"[5, 6]","[7, 8, 9, 10]","[11, 12, 1, 2]","[3, 4]"
452,470-NT1404-Northern Mesoamerican Pacific Mangroves.nc,"[7, 8, 9]","[10, 11, 12]","[1, 2, 3, 4]","[5, 6]"
453,471-NT1405-South American Pacific Mangroves.nc,[2],[3],"[4, 5]","[6, 7, 8, 9, 10, 11, 12, 1]"
454,472-PA1102-Bering Tundra.nc,[6],[7],[8],"[9, 10, 11, 12, 1, 2, 3, 4, 5]"
455,473-PA1103-Cherskii-Kolyma Mountain Tundra.nc,[6],[7],[8],"[9, 10, 11, 12, 1, 2, 3, 4, 5]"
456,474-PA1104-Chukchi Peninsula Tundra.nc,[6],[7],[8],"[9, 10, 11, 12, 1, 2, 3, 4, 5]"
457,475-PA1105-Kamchatka Mountain Tundra And Forest Tundra.nc,[6],"[7, 8]",[9],"[10, 11, 12, 1, 2, 3, 4, 5]"
458,476-PA1106-Kola Peninsula Tundra.nc,[6],[7],[8],"[9, 10, 11, 12, 1, 2, 3, 4, 5]"
459,477-PA1107-Northeast Siberian Coastal Tundra.nc,[6],[7],[8],"[9, 10, 11, 12, 1, 2, 3, 4, 5]"
460,478-PA1108-Northwest Russian-Novaya Zemlya Tundra.nc,[6],[7],[8],"[9, 10, 11, 12, 1, 2, 3, 4, 5]"
461,480-PA1110-Scandinavian Montane Birch Forest And Grasslands.nc,[6],[7],[8],"[9, 10, 11, 12, 1, 2, 3, 4, 5]"
462,481-PA1111-Taimyr-Central Siberian Tundra.nc,[6],[7],[8],"[9, 10, 11, 12, 1, 2, 3, 4, 5]"
463,482-PA1112-Trans-Baikal Bald Mountain Tundra.nc,[6],[7],"[8, 9]","[10, 11, 12, 1, 2, 3, 4, 5]"
464,484-PA1114-Yamal-Gydan Tundra.nc,[6],[7],[8],"[9, 10, 11, 12, 1, 2, 3, 4, 5]"
465,485-PA1219-Southeastern Iberian Shrubs And Woodlands.nc,"[10, 11]","[12, 1, 2]","[3, 4, 5, 6]","[7, 8, 9]"
466,486-PA1220-Southern Anatolian Montane Conifer And Deciduous Forests.nc,[4],"[5, 6, 7]","[8, 9, 10, 11]","[12, 1, 2, 3]"
467,487-PA1221-Southwest Iberian Mediterranean Sclerophyllous And Mixed Forests.nc,"[11, 12, 1, 2]","[3, 4]","[5, 6]","[7, 8, 9, 10]"
468,488-PA1222-Tyrrhenian-Adriatic Sclerophyllous And Mixed Forests.nc,"[10, 11, 12, 1, 2, 3]",[4],[5],"[6, 7, 8, 9]"
469,489-PA1301-Afghan Mountains Semi-Desert.nc,[4],[5],"[6, 7]","[8, 9, 10, 11, 12, 1, 2, 3]"
470,490-PA1302-Alashan Plateau Semi-Desert.nc,"[5, 6]","[7, 8]","[9, 10]","[11, 12, 1, 2, 3, 4]"
471,491-PA1303-Arabian Desert And East Sahero-Arabian Xeric Shrublands.nc,"[12, 1]","[2, 3]",[4],"[5, 6, 7, 8, 9, 10, 11]"
472,492-PA1304-Atlantic Coastal Desert.nc,[8],[9],[10],"[11, 12, 1, 2, 3, 4, 5, 6, 7]"
473,493-PA1305-Azerbaijan Shrub Desert And Steppe.nc,"[2, 3]",[4],[5],"[6, 7, 8, 9, 10, 11, 12, 1]"
474,494-PA1306-Badghyz And Karabil Semi-Desert.nc,[2],[3],[4],"[5, 6, 7, 8, 9, 10, 11, 12, 1]"
475,495-NA0503-California North Coast.nc,"[4, 5]","[6, 7, 8]","[9, 10, 11]","[12, 1, 2, 3]"
476,496-NA0504-Canadian Rocky Mountains.nc,[6],"[7, 8]",[9],"[10, 11, 12, 1, 2, 3, 4, 5]"
477,497-NA0506-East Cascades - Modoc Plateau.nc,[5],"[6, 7, 8, 9]",[10],"[11, 12, 1, 2, 3, 4]"
478,498-NA0507-East Gulf Coastal Plain.nc,[4],"[5, 6, 7, 8]","[9, 10, 11]","[12, 1, 2, 3]"
479,499-NA0508-Florida Peninsula.nc,"[3, 4]","[5, 6, 7, 8]","[9, 10, 11, 12]","[1, 2]"
480,500-NA0509-Gulf Of Alaska Mountains And Fjordlands.nc,[6],[7],[8],"[9, 10, 11, 12, 1, 2, 3, 4, 5]"
481,501-NA0510-Klamath Mountains.nc,"[4, 5]","[6, 7, 8]","[9, 10, 11]","[12, 1, 2, 3]"
482,502-NA0511-Mid-Atlantic Coastal Plain.nc,"[3, 4, 5, 6]","[7, 8]","[9, 10]","[11, 12, 1, 2]"
483,503-NT1406-Southern Atlantic Mangroves.nc,[11],"[12, 1, 2, 3]","[4, 5, 6, 7]","[8, 9, 10]"
484,504-NT1407-Southern Mesoamerican Pacific Mangroves.nc,"[5, 6, 7]","[8, 9, 10]","[11, 12, 1]","[2, 3, 4]"
485,505-OC0101-Carolines Tropical Moist Forests.nc,[2],"[3, 4, 5]","[6, 7]","[8, 9, 10, 11, 12, 1]"
486,507-OC0103-Cook Islands Tropical Moist Forests.nc,"[8, 9, 10]","[11, 12, 1]","[2, 3, 4, 5, 6]",[7]
487,509-OC0105-Fiji Tropical Moist Forests.nc,[1],"[2, 3, 4]","[5, 6, 7, 8]","[9, 10, 11, 12]"
488,511-OC0108-Marquesas Tropical Moist Forests.nc,[4],"[5, 6, 7, 8, 9, 10]","[11, 12, 1, 2]",[3]
489,512-OC0109-Ogasawara Subtropical Moist Forests.nc,"[5, 6, 7]",[8],[9],"[10, 11, 12, 1, 2, 3, 4]"
490,513-OC0110-Palau Tropical Moist Forests.nc,"[1, 2]","[3, 4, 5, 6]","[7, 8, 9, 10, 11]",[12]
491,514-OC0111-Rapa Nui Subtropical Broadleaf Forests.nc,[1],"[2, 3, 4, 5]","[6, 7, 8, 9]","[10, 11, 12]"
492,515-OC0112-Samoan Tropical Moist Forests.nc,[3],"[4, 5, 6, 7, 8, 9]",[10],"[11, 12, 1, 2]"
493,516-OC0113-Society Islands Tropical Moist Forests.nc,"[2, 3, 4, 5]","[6, 7, 8, 9]",[10],"[11, 12, 1]"
494,517-OC0114-Tongan Tropical Moist Forests.nc,[1],"[2, 3, 4]",[5],"[6, 7, 8, 9, 10, 11, 12]"
495,519-OC0116-Tubuai Tropical Moist Forests.nc,[1],"[2, 3, 4, 5, 6, 7, 8, 9]",[10],"[11, 12]"
496,521-OC0201-Fiji Tropical Dry Forests.nc,"[11, 12, 1]","[2, 3, 4]","[5, 6, 7]","[8, 9, 10]"
497,522-OC0203-Marianas Tropical Dry Forests.nc,"[7, 8, 9, 10]","[11, 12, 1]","[2, 3, 4]","[5, 6]"
498,525-PA0101-Guizhou Plateau Broadleaf And Mixed Forests.nc,"[4, 5]","[6, 7, 8]","[9, 10, 11]","[12, 1, 2, 3]"
499,526-PA0102-Yunnan Plateau Subtropical Evergreen Forests.nc,"[4, 5, 6]","[7, 8, 9]","[10, 11, 12]","[1, 2, 3]"
500,527-PA0401-Appenine Deciduous Montane Forests.nc,"[4, 5]","[6, 7, 8]","[9, 10, 11]","[12, 1, 2, 3]"
501,528-PA0402-Atlantic Mixed Forests.nc,[4],"[5, 6, 7]","[8, 9, 10, 11]","[12, 1, 2, 3]"
502,529-PA0403-Azores Temperate Mixed Forests.nc,"[2, 3, 4, 5, 6]","[7, 8]","[9, 10]","[11, 12, 1]"
503,530-PA0404-Balkan Mixed Forests.nc,[4],"[5, 6, 7]","[8, 9, 10, 11]","[12, 1, 2, 3]"
504,531-PA0405-Baltic Mixed Forests.nc,"[4, 5]","[6, 7]","[8, 9, 10]","[11, 12, 1, 2, 3]"
505,532-PA0406-Cantabrian Mixed Forests.nc,"[4, 5]","[6, 7, 8]","[9, 10, 11]","[12, 1, 2, 3]"
506,533-PA0407-Caspian Hyrcanian Mixed Forests.nc,[4],"[5, 6, 7]","[8, 9, 10, 11]","[12, 1, 2, 3]"
507,534-PA0408-Caucasus Mixed Forests.nc,[5],"[6, 7]","[8, 9, 10]","[11, 12, 1, 2, 3, 4]"
508,535-PA0409-Celtic Broadleaf Forests.nc,"[4, 5]","[6, 7, 8]","[9, 10, 11]","[12, 1, 2, 3]"
509,536-PA0410-Central Anatolian Steppe And Woodlands.nc,"[3, 4]",[5],[6],"[7, 8, 9, 10, 11, 12, 1, 2]"
510,537-PA0411-Central China Loess Plateau Mixed Forests.nc,"[4, 5]","[6, 7, 8]","[9, 10]","[11, 12, 1, 2, 3]"
511,538-PA0412-Central European Mixed Forests.nc,"[4, 5]","[6, 7]","[8, 9, 10]","[11, 12, 1, 2, 3]"
512,539-PA0413-Central Korean Deciduous Forests.nc,"[4, 5]","[6, 7, 8]","[9, 10, 11]","[12, 1, 2, 3]"
513,540-PA0414-Changbai Mountains Mixed Forests.nc,[5],"[6, 7, 8]","[9, 10]","[11, 12, 1, 2, 3, 4]"
514,541-PA0415-Changjiang Plain Evergreen Forests.nc,"[3, 4, 5, 6]","[7, 8]","[9, 10, 11]","[12, 1, 2]"
515,542-PA0416-Crimean Submediterranean Forest Complex.nc,[4],"[5, 6, 7]","[8, 9, 10]","[11, 12, 1, 2, 3]"
516,543-PA0417-Daba Mountains Evergreen Forests.nc,[4],"[5, 6, 7, 8]","[9, 10, 11]","[12, 1, 2, 3]"
517,544-PA0418-Dinaric Mountains Mixed Forests.nc,"[4, 5]","[6, 7, 8]","[9, 10]","[11, 12, 1, 2, 3]"
518,545-PA0419-East European Forest Steppe.nc,[5],"[6, 7]","[8, 9, 10]","[11, 12, 1, 2, 3, 4]"
519,546-PA0420-Eastern Anatolian Deciduous Forests.nc,[4],[5],"[6, 7]","[8, 9, 10, 11, 12, 1, 2, 3]"
520,547-PA0421-English Lowlands Beech Forests.nc,"[3, 4]","[5, 6]",[7],"[8, 9, 10, 11, 12, 1, 2]"
521,548-PA0422-Euxine-Colchic Broadleaf Forests.nc,[4],"[5, 6, 7]","[8, 9, 10, 11]","[12, 1, 2, 3]"
522,549-PA0423-Hokkaido Deciduous Forests.nc,[5],"[6, 7, 8]","[9, 10]","[11, 12, 1, 2, 3, 4]"
523,550-PA0424-Huang He Plain Mixed Forests.nc,[3],[4],[5],"[6, 7, 8, 9, 10, 11, 12, 1, 2]"
524,551-PA0425-Madeira Evergreen Forests.nc,"[4, 5]","[6, 7]","[8, 9]","[10, 11, 12, 1, 2, 3]"
525,552-PA0426-Manchurian Mixed Forests.nc,[5],"[6, 7]","[8, 9]","[10, 11, 12, 1, 2, 3, 4]"
526,553-PA0427-Nihonkai Evergreen Forests.nc,"[4, 5]","[6, 7, 8]","[9, 10, 11]","[12, 1, 2, 3]"
527,554-PA0428-Nihonkai Montane Deciduous Forests.nc,[5],"[6, 7, 8]","[9, 10, 11]","[12, 1, 2, 3, 4]"
528,555-PA0429-North Atlantic Moist Mixed Forests.nc,"[5, 6]","[7, 8]","[9, 10]","[11, 12, 1, 2, 3, 4]"
529,556-PA0430-Northeast China Plain Deciduous Forests.nc,[6],"[7, 8]","[9, 10]","[11, 12, 1, 2, 3, 4, 5]"
530,557-PA0431-Pannonian Mixed Forests.nc,[4],"[5, 6, 7]","[8, 9, 10]","[11, 12, 1, 2, 3]"
531,558-PA0432-Po Basin Mixed Forests.nc,"[3, 4, 5, 6]",[7],"[8, 9]","[10, 11, 12, 1, 2]"
532,559-PA0433-Pyrenees Conifer And Mixed Forests.nc,"[4, 5]","[6, 7, 8]","[9, 10, 11]","[12, 1, 2, 3]"
533,560-PA0434-Qin Ling Mountains Deciduous Forests.nc,[4],"[5, 6, 7, 8]","[9, 10, 11]","[12, 1, 2, 3]"
534,561-PA0435-Rodope Montane Mixed Forests.nc,[4],"[5, 6, 7]","[8, 9, 10, 11]","[12, 1, 2, 3]"
535,562-PA0436-Sarmatic Mixed Forests.nc,[5],"[6, 7]","[8, 9, 10]","[11, 12, 1, 2, 3, 4]"
536,563-PA0437-Sichuan Basin Evergreen Broadleaf Forests.nc,"[3, 4, 5, 6]","[7, 8]","[9, 10, 11]","[12, 1, 2]"
537,564-PA0438-South Sakhalin-Kurile Mixed Forests.nc,"[5, 6]","[7, 8]","[9, 10]","[11, 12, 1, 2, 3, 4]"
538,565-PA0439-Southern Korea Evergreen Forests.nc,"[4, 5]","[6, 7, 8]","[9, 10, 11]","[12, 1, 2, 3]"
539,566-PA0440-Taiheiyo Evergreen Forests.nc,"[4, 5]","[6, 7, 8]","[9, 10, 11]","[12, 1, 2, 3]"
540,567-PA0441-Taiheiyo Montane Deciduous Forests.nc,"[4, 5]","[6, 7, 8]","[9, 10, 11]","[12, 1, 2, 3]"
541,568-PA0442-Tarim Basin Deciduous Forests And Steppe.nc,"[5, 6]","[7, 8]","[9, 10]","[11, 12, 1, 2, 3, 4]"
542,569-PA0443-Ussuri Broadleaf And Mixed Forests.nc,[5],"[6, 7]","[8, 9]","[10, 11, 12, 1, 2, 3, 4]"
543,570-PA0445-Western European Broadleaf Forests.nc,"[4, 5]","[6, 7]","[8, 9, 10]","[11, 12, 1, 2, 3]"
544,571-PA0444-Western Siberian Hemiboreal Forests.nc,[5],"[6, 7]","[8, 9]","[10, 11, 12, 1, 2, 3, 4]"
545,572-PA0446-Zagros Mountains Forest Steppe.nc,[3],[4],[5],"[6, 7, 8, 9, 10, 11, 12, 1, 2]"
546,573-PA0501-Alps Conifer And Mixed Forests.nc,"[4, 5]","[6, 7, 8]","[9, 10]","[11, 12, 1, 2, 3]"
547,574-PA0502-Altai Montane Forest And Forest Steppe.nc,"[5, 6]",[7],"[8, 9]","[10, 11, 12, 1, 2, 3, 4]"
548,575-PA0503-Caledon Conifer Forests.nc,"[5, 6]","[7, 8]",[9],"[10, 11, 12, 1, 2, 3, 4]"
549,576-PA0504-Carpathian Montane Forests.nc,"[4, 5]","[6, 7]","[8, 9, 10]","[11, 12, 1, 2, 3]"
550,577-PA0505-Da Hinggan-Dzhagdy Mountains Conifer Forests.nc,[5],"[6, 7]","[8, 9]","[10, 11, 12, 1, 2, 3, 4]"
551,578-PA0506-East Afghan Montane Conifer Forests.nc,[4],"[5, 6, 7]","[8, 9, 10, 11]","[12, 1, 2, 3]"
552,579-PA0507-Elburz Range Forest Steppe.nc,[4],[5],"[6, 7]","[8, 9, 10, 11, 12, 1, 2, 3]"
553,580-PA0508-Helanshan Montane Conifer Forests.nc,"[5, 6]","[7, 8]","[9, 10]","[11, 12, 1, 2, 3, 4]"
554,581-PA0509-Hengduan Mountains Subalpine Conifer Forests.nc,"[5, 6]","[7, 8]","[9, 10]","[11, 12, 1, 2, 3, 4]"
555,582-PA0510-Hokkaido Montane Conifer Forests.nc,[5],"[6, 7, 8]","[9, 10]","[11, 12, 1, 2, 3, 4]"
556,583-PA0511-Honshu Alpine Conifer Forests.nc,[5],"[6, 7, 8]","[9, 10]","[11, 12, 1, 2, 3, 4]"
557,584-PA0512-Khangai Mountains Conifer Forests.nc,[6],[7],"[8, 9]","[10, 11, 12, 1, 2, 3, 4, 5]"
558,585-PA0513-Mediterranean Conifer And Mixed Forests.nc,"[3, 4]",[5],[6],"[7, 8, 9, 10, 11, 12, 1, 2]"
559,586-PA0514-Northeastern Himalayan Subalpine Conifer Forests.nc,[6],"[7, 8]","[9, 10]","[11, 12, 1, 2, 3, 4, 5]"
560,587-PA0515-Northern Anatolian Conifer And Deciduous Forests.nc,"[4, 5]","[6, 7]","[8, 9, 10]","[11, 12, 1, 2, 3]"
561,588-PA0516-Nujiang Langcang Gorge Alpine Conifer And Mixed Forests.nc,"[5, 6]","[7, 8]","[9, 10]","[11, 12, 1, 2, 3, 4]"
562,589-PA0517-Qilian Mountains Conifer Forests.nc,"[5, 6]","[7, 8]",[9],"[10, 11, 12, 1, 2, 3, 4]"
563,590-PA0518-Qionglai-Minshan Conifer Forests.nc,"[4, 5]","[6, 7, 8]","[9, 10, 11]","[12, 1, 2, 3]"
564,591-PA0519-Sayan Montane Conifer Forests.nc,[6],[7],"[8, 9]","[10, 11, 12, 1, 2, 3, 4, 5]"
565,592-PA0520-Scandinavian Coastal Conifer Forests.nc,"[5, 6]","[7, 8]",[9],"[10, 11, 12, 1, 2, 3, 4]"
566,593-PA0521-Tian Shan Montane Conifer Forests.nc,[6],[7],"[8, 9]","[10, 11, 12, 1, 2, 3, 4, 5]"
567,594-PA0601-East Siberian Taiga.nc,[6],[7],[8],"[9, 10, 11, 12, 1, 2, 3, 4, 5]"
568,595-PA0602-Iceland Boreal Birch Forests And Alpine Tundra.nc,[6],[7],[8],"[9, 10, 11, 12, 1, 2, 3, 4, 5]"
569,596-PA0603-Kamchatka-Kurile Meadows And Sparse Forests.nc,[6],"[7, 8]",[9],"[10, 11, 12, 1, 2, 3, 4, 5]"
570,597-PA0604-Kamchatka-Kurile Taiga.nc,[6],"[7, 8]",[9],"[10, 11, 12, 1, 2, 3, 4, 5]"
571,598-PA0605-Northeast Siberian Taiga.nc,[6],[7],[8],"[9, 10, 11, 12, 1, 2, 3, 4, 5]"
572,599-PA0606-Okhotsk-Manchurian Taiga.nc,"[5, 6]",[7],"[8, 9]","[10, 11, 12, 1, 2, 3, 4]"
573,600-PA0607-Sakhalin Island Taiga.nc,[6],"[7, 8]",[9],"[10, 11, 12, 1, 2, 3, 4, 5]"
574,601-PA0608-Scandinavian And Russian Taiga.nc,[5],"[6, 7]","[8, 9]","[10, 11, 12, 1, 2, 3, 4]"
575,602-PA0609-Trans-Baikal Conifer Forests.nc,"[5, 6]",[7],"[8, 9]","[10, 11, 12, 1, 2, 3, 4]"
576,603-PA0610-Ural Montane Forests And Tundra.nc,[5],"[6, 7]","[8, 9]","[10, 11, 12, 1, 2, 3, 4]"
577,604-PA0611-West Siberian Taiga.nc,[6],[7],"[8, 9]","[10, 11, 12, 1, 2, 3, 4, 5]"
578,605-PA0801-Alai-Western Tian Shan Steppe.nc,[3],[4],[5],"[6, 7, 8, 9, 10, 11, 12, 1, 2]"
579,606-PA0802-Altai Steppe And Semi-Desert.nc,[5],[6],"[7, 8, 9]","[10, 11, 12, 1, 2, 3, 4]"
580,607-PA0803-Central Anatolian Steppe.nc,[3],[4],"[5, 6]","[7, 8, 9, 10, 11, 12, 1, 2]"
581,608-PA0804-Daurian Forest Steppe.nc,"[5, 6]",[7],"[8, 9]","[10, 11, 12, 1, 2, 3, 4]"
582,609-PA0805-Eastern Anatolian Montane Steppe.nc,[4],[5],"[6, 7]","[8, 9, 10, 11, 12, 1, 2, 3]"
583,610-PA0806-Emin Valley Steppe.nc,"[4, 5]","[6, 7]","[8, 9, 10]","[11, 12, 1, 2, 3]"
584,611-PA0807-Faroe Islands Boreal Grasslands.nc,"[5, 6]","[7, 8]",[9],"[10, 11, 12, 1, 2, 3, 4]"
585,612-PA0808-Gissaro-Alai Open Woodlands.nc,[4],[5],"[6, 7]","[8, 9, 10, 11, 12, 1, 2, 3]"
586,613-PA0809-Kazakh Forest Steppe.nc,"[5, 6]",[7],"[8, 9]","[10, 11, 12, 1, 2, 3, 4]"
587,614-PA0810-Kazakh Steppe.nc,"[5, 6]",[7],"[8, 9]","[10, 11, 12, 1, 2, 3, 4]"
588,615-PA0811-Kazakh Upland.nc,[5],"[6, 7]","[8, 9]","[10, 11, 12, 1, 2, 3, 4]"
589,616-PA0812-Middle East Steppe.nc,[2],[3],[4],"[5, 6, 7, 8, 9, 10, 11, 12, 1]"
590,617-PA0813-Mongolian-Manchurian Grassland.nc,"[5, 6]",[7],"[8, 9]","[10, 11, 12, 1, 2, 3, 4]"
591,618-PA0814-Pontic Steppe.nc,[4],[5],[6],"[7, 8, 9, 10, 11, 12, 1, 2, 3]"
592,619-PA0815-Sayan Intermontane Steppe.nc,"[5, 6]",[7],"[8, 9]","[10, 11, 12, 1, 2, 3, 4]"
593,620-PA0816-Selenge-Orkhon Forest Steppe.nc,"[5, 6]",[7],"[8, 9]","[10, 11, 12, 1, 2, 3, 4]"
594,621-PA0817-South Siberian Forest Steppe.nc,[6],[7],"[8, 9]","[10, 11, 12, 1, 2, 3, 4, 5]"
595,622-PA0818-Tian Shan Foothill Arid Steppe.nc,"[4, 5]","[6, 7]","[8, 9, 10]","[11, 12, 1, 2, 3]"
596,623-PA0901-Amur Meadow Steppe.nc,[5],"[6, 7]","[8, 9]","[10, 11, 12, 1, 2, 3, 4]"
597,624-PA0902-Bohai Sea Saline Meadow.nc,"[6, 7]",[8],"[9, 10]","[11, 12, 1, 2, 3, 4, 5]"
598,625-PA0903-Nenjiang River Grassland.nc,[6],"[7, 8]","[9, 10]","[11, 12, 1, 2, 3, 4, 5]"
599,626-PA0904-Nile Delta Flooded Savanna.nc,"[6, 7, 8, 9, 10, 11, 12]","[1, 2]","[3, 4]",[5]
600,627-PA0905-Saharan Halophytics.nc,"[11, 12]","[1, 2]","[3, 4]","[5, 6, 7, 8, 9, 10]"
601,628-PA0907-Suiphun-Khanka Meadows And Forest Meadows.nc,[5],"[6, 7]","[8, 9, 10]","[11, 12, 1, 2, 3, 4]"
602,629-PA0906-Tigris-Euphrates Alluvial Salt Marsh.nc,"[12, 1]",[2],"[3, 4]","[5, 6, 7, 8, 9, 10, 11]"
603,630-PA0908-Yellow Sea Saline Meadow.nc,[3],[4],[5],"[6, 7, 8, 9, 10, 11, 12, 1, 2]"
604,631-PA1001-Altai Alpine Meadow And Tundra.nc,[6],[7],"[8, 9]","[10, 11, 12, 1, 2, 3, 4, 5]"
605,632-PA1002-Central Tibetan Plateau Alpine Steppe.nc,"[6, 7]",[8],[9],"[10, 11, 12, 1, 2, 3, 4, 5]"
606,633-PA1003-Eastern Himalayan Alpine Shrub And Meadows.nc,"[6, 7]",[8],"[9, 10]","[11, 12, 1, 2, 3, 4, 5]"
607,634-PA1004-Ghorat-Hazarajat Alpine Meadow.nc,[5],"[6, 7]","[8, 9, 10]","[11, 12, 1, 2, 3, 4]"
608,635-PA1005-Hindu Kush Alpine Meadow.nc,[6],[7],"[8, 9]","[10, 11, 12, 1, 2, 3, 4, 5]"
609,636-PA1006-Karakoram-West Tibetan Plateau Alpine Steppe.nc,[7],[8],[9],"[10, 11, 12, 1, 2, 3, 4, 5, 6]"
610,637-PA1007-Khangai Mountains Alpine Meadow.nc,[6],[7],"[8, 9]","[10, 11, 12, 1, 2, 3, 4, 5]"
611,638-PA1008-Kopet Dag Woodlands And Forest Steppe.nc,"[2, 3]",[4],[5],"[6, 7, 8, 9, 10, 11, 12, 1]"
612,639-PA1009-Kuh Rud And Eastern Iran Montane Woodlands.nc,[4],"[5, 6, 7]","[8, 9, 10, 11]","[12, 1, 2, 3]"
613,640-PA1010-Mediterranean High Atlas Juniper Steppe.nc,[4],"[5, 6, 7]","[8, 9, 10, 11]","[12, 1, 2, 3]"
614,641-PA1011-North Tibetan Plateau-Kunlun Mountains Alpine Desert.nc,"[6, 7]",[8],[9],"[10, 11, 12, 1, 2, 3, 4, 5]"
615,642-PA1012-Northwestern Himalayan Alpine Shrub And Meadows.nc,[7],[8],[9],"[10, 11, 12, 1, 2, 3, 4, 5, 6]"
616,643-PA1013-Ordos Plateau Steppe.nc,"[5, 6, 7]",[8],"[9, 10]","[11, 12, 1, 2, 3, 4]"
617,644-PA1014-Pamir Alpine Desert And Tundra.nc,[6],[7],"[8, 9]","[10, 11, 12, 1, 2, 3, 4, 5]"
618,645-PA1015-Qilian Mountains Subalpine Meadows.nc,[6],"[7, 8]",[9],"[10, 11, 12, 1, 2, 3, 4, 5]"
619,646-PA1016-Sayan Alpine Meadows And Tundra.nc,[6],[7],[8],"[9, 10, 11, 12, 1, 2, 3, 4, 5]"
620,647-PA1017-Southeast Tibet Shrublands And Meadows.nc,[6],"[7, 8]",[9],"[10, 11, 12, 1, 2, 3, 4, 5]"
621,648-PA1018-Sulaiman Range Alpine Meadows.nc,[4],"[5, 6, 7]","[8, 9, 10, 11]","[12, 1, 2, 3]"
622,649-PA1019-Tian Shan Montane Steppe And Meadows.nc,[6],[7],"[8, 9]","[10, 11, 12, 1, 2, 3, 4, 5]"
623,650-PA1020-Tibetan Plateau Alpine Shrublands And Meadows.nc,[6],"[7, 8]",[9],"[10, 11, 12, 1, 2, 3, 4, 5]"
624,651-PA1021-Western Himalayan Alpine Shrub And Meadows.nc,"[6, 7]",[8],"[9, 10]","[11, 12, 1, 2, 3, 4, 5]"
625,652-PA1022-Yarlung Tsangpo Arid Steppe.nc,"[6, 7]",[8],"[9, 10]","[11, 12, 1, 2, 3, 4, 5]"
626,654-PA1201-Aegean And Western Turkey Sclerophyllous And Mixed Forests.nc,"[3, 4]","[5, 6, 7]","[8, 9, 10, 11]","[12, 1, 2]"
627,655-PA1202-Anatolian Conifer And Deciduous Mixed Forests.nc,"[3, 4]","[5, 6, 7]","[8, 9, 10, 11]","[12, 1, 2]"
628,656-PA1203-Canary Islands Dry Woodlands And Forests.nc,[3],[4],"[5, 6]","[7, 8, 9, 10, 11, 12, 1, 2]"
629,657-PA1204-Corsican Montane Broadleaf And Mixed Forests.nc,"[4, 5]","[6, 7, 8]","[9, 10, 11]","[12, 1, 2, 3]"
630,658-PA1205-Crete Mediterranean Forests.nc,"[11, 12, 1]","[2, 3]","[4, 5]","[6, 7, 8, 9, 10]"
631,659-PA1206-Cyprus Mediterranean Forests.nc,"[12, 1]",[2],"[3, 4]","[5, 6, 7, 8, 9, 10, 11]"
632,660-PA1207-Eastern Mediterranean Conifer-Sclerophyllous-Broadleaf Forests.nc,"[2, 3]",[4],[5],"[6, 7, 8, 9, 10, 11, 12, 1]"
633,661-PA1208-Iberian Conifer Forests.nc,"[3, 4]",[5],[6],"[7, 8, 9, 10, 11, 12, 1, 2]"
634,662-PA1209-Iberian Sclerophyllous And Semi-Deciduous Forests.nc,"[2, 3]",[4],[5],"[6, 7, 8, 9, 10, 11, 12, 1]"
635,663-PA1210-Illyrian Deciduous Forests.nc,[4],"[5, 6, 7]","[8, 9, 10, 11]","[12, 1, 2, 3]"
636,664-PA1211-Italian Sclerophyllous And Semi-Deciduous Forests.nc,[4],"[5, 6, 7]","[8, 9, 10, 11]","[12, 1, 2, 3]"
637,665-PA1212-Mediterranean Acacia-Argania Dry Woodlands And Succulent Thickets.nc,"[1, 2]",[3],[4],"[5, 6, 7, 8, 9, 10, 11, 12]"
638,666-PA1213-Mediterranean Dry Woodlands And Steppe.nc,[3],[4],[5],"[6, 7, 8, 9, 10, 11, 12, 1, 2]"
639,667-PA1214-Mediterranean Woodlands And Forests.nc,"[2, 3]",[4],[5],"[6, 7, 8, 9, 10, 11, 12, 1]"
640,668-PA1215-Northeastern Spain And Southern France Mediterranean Forests.nc,"[4, 5]","[6, 7, 8]","[9, 10, 11]","[12, 1, 2, 3]"
641,669-PA1216-Northwest Iberian Montane Forests.nc,"[3, 4]",[5],[6],"[7, 8, 9, 10, 11, 12, 1, 2]"
642,670-PA1217-Pindus Mountains Mixed Forests.nc,[4],"[5, 6, 7]","[8, 9, 10, 11]","[12, 1, 2, 3]"
643,671-PA1218-South Appenine Mixed Montane Forests.nc,[4],"[5, 6, 7]","[8, 9, 10, 11]","[12, 1, 2, 3]"
644,672-PA1307-Baluchistan Xeric Woodlands.nc,[2],[3],[4],"[5, 6, 7, 8, 9, 10, 11, 12, 1]"
645,673-PA1308-Caspian Lowland Desert.nc,[3],[4],[5],"[6, 7, 8, 9, 10, 11, 12, 1, 2]"
646,674-PA1309-Central Afghan Mountains Xeric Woodlands.nc,[4],"[5, 6, 7]","[8, 9, 10, 11]","[12, 1, 2, 3]"
647,675-PA1310-Central Asian Northern Desert.nc,[4],"[5, 6]","[7, 8, 9, 10]","[11, 12, 1, 2, 3]"
648,676-PA1311-Central Asian Riparian Woodlands.nc,"[5, 6]","[7, 8]","[9, 10]","[11, 12, 1, 2, 3, 4]"
649,677-PA1312-Central Asian Southern Desert.nc,[3],[4],[5],"[6, 7, 8, 9, 10, 11, 12, 1, 2]"
650,678-PA1313-Central Persian Desert Basins.nc,"[2, 3]",[4],[5],"[6, 7, 8, 9, 10, 11, 12, 1]"
651,679-PA1314-Eastern Gobi Desert Steppe.nc,[7],[8],"[9, 10]","[11, 12, 1, 2, 3, 4, 5, 6]"
652,680-PA1315-Gobi Lakes Valley Desert Steppe.nc,"[6, 7]",[8],"[9, 10]","[11, 12, 1, 2, 3, 4, 5]"
653,681-PA1316-Great Lakes Basin Desert Steppe.nc,"[5, 6]","[7, 8]",[9],"[10, 11, 12, 1, 2, 3, 4]"
654,682-PA1317-Junggar Basin Semi-Desert.nc,"[5, 6]",[7],"[8, 9, 10]","[11, 12, 1, 2, 3, 4]"
655,683-PA1318-Kazakh Semi-Desert.nc,[4],[5],[6],"[7, 8, 9, 10, 11, 12, 1, 2, 3]"
656,684-PA1319-Kopet Dag Semi-Desert.nc,"[2, 3]",[4],[5],"[6, 7, 8, 9, 10, 11, 12, 1]"
657,685-PA1320-Mesopotamian Shrub Desert.nc,"[1, 2]",[3],[4],"[5, 6, 7, 8, 9, 10, 11, 12]"
658,686-PA1321-North Saharan Steppe And Woodlands.nc,"[11, 12, 1]",[2],"[3, 4]","[5, 6, 7, 8, 9, 10]"
659,687-PA1322-Paropamisus Xeric Woodlands.nc,[4],[5],"[6, 7]","[8, 9, 10, 11, 12, 1, 2, 3]"
660,688-PA1323-Persian Gulf Desert And Semi-Desert.nc,"[11, 12]","[1, 2]",[3],"[4, 5, 6, 7, 8, 9, 10]"
661,689-PA1324-Qaidam Basin Semi-Desert.nc,"[6, 7]",[8],"[9, 10]","[11, 12, 1, 2, 3, 4, 5]"
662,690-AT1317-Red Sea Coastal Desert.nc,[11],[12],"[1, 2]","[3, 4, 5, 6, 7, 8, 9, 10]"
663,691-PA1325-Red Sea Nubo-Sindian Tropical Desert And Semi-Desert.nc,[1],[2],[3],"[4, 5, 6, 7, 8, 9, 10, 11, 12]"
664,692-PA1326-Registan-North Pakistan Sandy Desert.nc,[2],[3],[4],"[5, 6, 7, 8, 9, 10, 11, 12, 1]"
665,693-PA1327-Sahara Desert.nc,"[12, 1]",[2],"[3, 4]","[5, 6, 7, 8, 9, 10, 11]"
666,694-PA1328-South Iran Nubo-Sindian Desert And Semi-Desert.nc,"[12, 1]",[2],[3],"[4, 5, 6, 7, 8, 9, 10, 11]"
667,695-PA1329-South Saharan Steppe And Woodlands.nc,[8],[9],"[10, 11]","[12, 1, 2, 3, 4, 5, 6, 7]"
668,696-PA1330-Taklimakan Desert.nc,"[5, 6]","[7, 8]","[9, 10]","[11, 12, 1, 2, 3, 4]"
669,697-PA1331-Tibesti-Jebel Uweinat Montane Xeric Woodlands.nc,"[8, 9]","[10, 11]","[12, 1]","[2, 3, 4, 5, 6, 7]"
670,698-PA1332-West Saharan Montane Xeric Woodlands.nc,[8],[9],"[10, 11, 12]","[1, 2, 3, 4, 5, 6, 7]"
671,699-AA0108-Japen Rain Forests.nc,"[1, 2]",[3],[4],"[5, 6, 7, 8, 9, 10, 11, 12]"
672,701-AT9898-Lake: Afrotropic.nc,[7],[8],"[9, 10]","[11, 12, 1, 2, 3, 4, 5, 6]"
673,702-NA0201-Sonoran-Sinaloan Transition Subtropical Dry Forest.nc,[7],[8],"[9, 10]","[11, 12, 1, 2, 3, 4, 5, 6]"
674,703-NA0302-Sierra Madre Occidental Pine-Oak Forests.nc,[7],"[8, 9]","[10, 11]","[12, 1, 2, 3, 4, 5, 6]"
675,704-NA0401-Central Appalachian Forest.nc,[5],"[6, 7, 8]","[9, 10]","[11, 12, 1, 2, 3, 4]"
676,705-NA0421-Chesapeake Bay Lowlands.nc,"[4, 5]","[6, 7, 8]","[9, 10, 11]","[12, 1, 2, 3]"
677,706-NA0403-Cumberlands And Southern Ridge And Valley.nc,[4],"[5, 6, 7]","[8, 9, 10, 11]","[12, 1, 2, 3]"
678,707-NA0404-Great Lakes.nc,[5],"[6, 7, 8]","[9, 10]","[11, 12, 1, 2, 3, 4]"
679,708-NA0405-High Allegheny Plateau.nc,[5],"[6, 7, 8]","[9, 10]","[11, 12, 1, 2, 3, 4]"
680,709-NA0406-Interior Low Plateau.nc,[4],"[5, 6, 7]","[8, 9, 10, 11]","[12, 1, 2, 3]"
681,710-NA0407-Lower New England - Northern Piedmont.nc,[5],"[6, 7, 8]","[9, 10]","[11, 12, 1, 2, 3, 4]"
682,711-NA0408-Mississippi River Alluvial Plain.nc,"[5, 6]",[7],"[8, 9]","[10, 11, 12, 1, 2, 3, 4]"
683,712-NA0417-St. Lawrence - Champlain Valley.nc,"[5, 6]","[7, 8]","[9, 10]","[11, 12, 1, 2, 3, 4]"
684,713-NA0418-Superior Mixed Forest.nc,[5],"[6, 7, 8]","[9, 10]","[11, 12, 1, 2, 3, 4]"
685,714-NA0419-Upper East Gulf Coastal Plain.nc,[4],"[5, 6, 7]","[8, 9, 10, 11]","[12, 1, 2, 3]"
686,715-NA0420-Western Allegheny Plateau.nc,"[4, 5]","[6, 7, 8]","[9, 10]","[11, 12, 1, 2, 3]"
687,716-NA0402-Willamette Valley - Puget Trough - Georgia Basin: Temperate Broadleaf And Mixed Forests.nc,"[3, 4]",[5],"[6, 7]","[8, 9, 10, 11, 12, 1, 2]"
688,717-NA0501-Arizona-New Mexico Mountains.nc,[7],"[8, 9]","[10, 11]","[12, 1, 2, 3, 4, 5, 6]"
689,718-NA0502-Black Hills.nc,[5],"[6, 7]","[8, 9, 10]","[11, 12, 1, 2, 3, 4]"
690,719-NA0527-Middle Rockies - Blue Mountains.nc,[5],"[6, 7]","[8, 9, 10]","[11, 12, 1, 2, 3, 4]"
691,720-NA0513-Montane Cordillera.nc,"[5, 6]","[7, 8]",[9],"[10, 11, 12, 1, 2, 3, 4]"
692,721-NA0514-North Cascades.nc,[6],"[7, 8]",[9],"[10, 11, 12, 1, 2, 3, 4, 5]"
693,722-NA0568-Okanagan.nc,[5],"[6, 7, 8]","[9, 10]","[11, 12, 1, 2, 3, 4]"
694,723-NA0515-Pacific Northwest Coast.nc,"[4, 5]","[6, 7, 8]","[9, 10]","[11, 12, 1, 2, 3]"
695,724-NA0518-S.E. Alaska - B.C. Coastal Forest And Mountains.nc,[6],"[7, 8]",[9],"[10, 11, 12, 1, 2, 3, 4, 5]"
696,725-NA0512-Sierra Nevada.nc,[5],"[6, 7, 8, 9]",[10],"[11, 12, 1, 2, 3, 4]"
697,726-NA0520-South Atlantic Coastal Plain.nc,[4],"[5, 6, 7, 8]","[9, 10, 11]","[12, 1, 2, 3]"
698,727-NA0521-Southern Rocky Mountains.nc,[5],"[6, 7]","[8, 9, 10]","[11, 12, 1, 2, 3, 4]"
699,728-NA0522-Upper West Gulf Coastal Plain.nc,"[3, 4]","[5, 6, 7, 8]","[9, 10, 11]","[12, 1, 2]"
700,729-NA1323-Utah High Plateaus.nc,[5],"[6, 7]","[8, 9, 10]","[11, 12, 1, 2, 3, 4]"
701,730-NA0524-Utah-Wyoming Rocky Mountains.nc,[5],"[6, 7]","[8, 9, 10]","[11, 12, 1, 2, 3, 4]"
702,731-NA0581-West Cascades.nc,[5],"[6, 7, 8]","[9, 10]","[11, 12, 1, 2, 3, 4]"
703,732-NA0526-West Gulf Coastal Plain.nc,"[3, 4]","[5, 6, 7, 8]","[9, 10, 11]","[12, 1, 2]"
704,733-NA0517-Willamette Valley - Puget Trough - Georgia Basin: Temperate Conifer Forests.nc,"[4, 5]","[6, 7, 8]","[9, 10]","[11, 12, 1, 2, 3]"
705,734-NA0612-Alaska Range.nc,[6],[7],[8],"[9, 10, 11, 12, 1, 2, 3, 4, 5]"
706,735-NA0602-Boreal Cordillera.nc,[6],[7],[8],"[9, 10, 11, 12, 1, 2, 3, 4, 5]"
707,736-NA0603-Boreal Plains.nc,"[5, 6]","[7, 8]",[9],"[10, 11, 12, 1, 2, 3, 4]"
708,737-NA0604-Boreal Shield.nc,"[5, 6]","[7, 8]",[9],"[10, 11, 12, 1, 2, 3, 4]"
709,738-NA0611-Cook Inlet Basin.nc,[6],[7],"[8, 9]","[10, 11, 12, 1, 2, 3, 4, 5]"
710,739-NA0605-Eastern Taiga Shield.nc,[6],"[7, 8]",[9],"[10, 11, 12, 1, 2, 3, 4, 5]"
711,740-NA0606-Hudson Plains.nc,[6],"[7, 8]",[9],"[10, 11, 12, 1, 2, 3, 4, 5]"
712,741-NA0607-Interior Alaska Taiga.nc,"[5, 6]",[7],"[8, 9]","[10, 11, 12, 1, 2, 3, 4]"
713,742-NA0608-Taiga Plains.nc,[6],[7],[8],"[9, 10, 11, 12, 1, 2, 3, 4, 5]"
714,743-NA0609-Western Taiga Shield.nc,[6],"[7, 8]",[9],"[10, 11, 12, 1, 2, 3, 4, 5]"
715,744-NA0610-Yukon Plateau And Flats.nc,[6],[7],[8],"[9, 10, 11, 12, 1, 2, 3, 4, 5]"
716,745-NA0701-Gulf Coast Prairies And Marshes.nc,"[3, 4]","[5, 6, 7, 8]","[9, 10, 11]","[12, 1, 2]"
717,746-NA0801-Aspen Parkland.nc,[6],[7],"[8, 9]","[10, 11, 12, 1, 2, 3, 4, 5]"
718,747-NA0802-Central Mixed-Grass Prairie.nc,[5],"[6, 7]","[8, 9, 10]","[11, 12, 1, 2, 3, 4]"
719,748-NA0803-Central Shortgrass Prairie.nc,"[4, 5]","[6, 7]","[8, 9, 10]","[11, 12, 1, 2, 3]"
720,749-NA0804-Central Tallgrass Prairie.nc,[6],"[7, 8]",[9],"[10, 11, 12, 1, 2, 3, 4, 5]"
721,750-NA0805-Crosstimbers And Southern Tallgrass Prairie.nc,"[3, 4]","[5, 6, 7, 8]","[9, 10, 11]","[12, 1, 2]"
722,751-NA0806-Dakota Mixed-Grass Prairie.nc,"[5, 6]","[7, 8]","[9, 10]","[11, 12, 1, 2, 3, 4]"
723,752-NA0807-Edwards Plateau.nc,"[3, 4]","[5, 6, 7]","[8, 9, 10, 11]","[12, 1, 2]"
724,753-NA0808-Fescue-Mixed Grass Prairie.nc,[6],[7],"[8, 9]","[10, 11, 12, 1, 2, 3, 4, 5]"
725,754-NA0810-Northern Great Plains Steppe.nc,[5],"[6, 7]","[8, 9, 10]","[11, 12, 1, 2, 3, 4]"
726,755-NA0811-Northern Tallgrass Prairie.nc,[6],"[7, 8]",[9],"[10, 11, 12, 1, 2, 3, 4, 5]"
727,756-NA0812-Osage Plains-Flint Hills Prairie.nc,"[4, 5]","[6, 7, 8]","[9, 10, 11]","[12, 1, 2, 3]"
728,757-NA1108-Southern Arctic.nc,[6],[7],[8],"[9, 10, 11, 12, 1, 2, 3, 4, 5]"
729,758-NA1109-Taiga Cordillera.nc,[6],[7],[8],"[9, 10, 11, 12, 1, 2, 3, 4, 5]"
730,759-NA1201-California Central Coast.nc,[3],[4],[5],"[6, 7, 8, 9, 10, 11, 12, 1, 2]"
731,760-NA1202-California South Coast.nc,"[1, 2]",[3],"[4, 5]","[6, 7, 8, 9, 10, 11, 12]"
732,761-NA1209-Great Central Valley.nc,[2],[3],[4],"[5, 6, 7, 8, 9, 10, 11, 12, 1]"
733,762-NA1301-Apache Highlands.nc,[7],[8],"[9, 10]","[11, 12, 1, 2, 3, 4, 5, 6]"
734,763-NA1302-Baja California Desert.nc,[9],[10],"[11, 12, 1]","[2, 3, 4, 5, 6, 7, 8]"
735,764-NA1304-Chihuahuan Desert.nc,"[7, 8]",[9],"[10, 11]","[12, 1, 2, 3, 4, 5, 6]"
736,765-NA1305-Colorado Plateau.nc,"[4, 5]","[6, 7, 8]","[9, 10, 11]","[12, 1, 2, 3]"
737,766-NA1306-Columbia Plateau.nc,[4],[5],"[6, 7]","[8, 9, 10, 11, 12, 1, 2, 3]"
738,767-NA1307-Great Basin.nc,[4],"[5, 6, 7]","[8, 9, 10, 11]","[12, 1, 2, 3]"
739,768-NA1308-Mojave Desert.nc,[2],[3],[4],"[5, 6, 7, 8, 9, 10, 11, 12, 1]"
740,769-NA1311-Sonoran Desert.nc,[7],[8],"[9, 10]","[11, 12, 1, 2, 3, 4, 5, 6]"
741,770-NA1312-Tamaulipan Thorn Scrub.nc,[3],"[4, 5]","[6, 7, 8, 9, 10, 11, 12]","[1, 2]"
742,771-NA1313-Wyoming Basins.nc,[5],"[6, 7]","[8, 9, 10]","[11, 12, 1, 2, 3, 4]"
743,772-NA9999-Rock And Ice: Nearctic.nc,[6],[7],[8],"[9, 10, 11, 12, 1, 2, 3, 4, 5]"
744,774-OC0702-Hawaiian High Islands: Hawaii Tropical Low Shrublands.nc,[1],"[2, 3]","[4, 5, 6]","[7, 8, 9, 10, 11, 12]"
745,775-PA9898-Lake: Palearctic.nc,[5],"[6, 7]","[8, 9, 10]","[11, 12, 1, 2, 3, 4]"
746,776-PA9999-Rock And Ice: Palearctic.nc,"[6, 7]",[8],[9],"[10, 11, 12, 1, 2, 3, 4, 5]"
747,777-AA0117-Queensland Tropical Rain Forests.nc,"[11, 12, 1]","[2, 3, 4]","[5, 6, 7, 8]","[9, 10]"
748,778-AA0402-Eastern Australian Temperate Forests.nc,[2],[3],"[4, 5]","[6, 7, 8, 9, 10, 11, 12, 1]"
749,779-AA0409-Southeast Australia Temperate Forests.nc,"[6, 7]","[8, 9]",[10],"[11, 12, 1, 2, 3, 4, 5]"
750,780-AA0411-Tasmanian Central Highland Forests.nc,[10],"[11, 12, 1, 2]","[3, 4]","[5, 6, 7, 8, 9]"
751,781-AA0412-Tasmanian Temperate Forests.nc,[4],[5],[6],"[7, 8, 9, 10, 11, 12, 1, 2, 3]"
752,782-AA0413-Tasmanian Temperate Rain Forests.nc,[10],"[11, 12, 1, 2]","[3, 4]","[5, 6, 7, 8, 9]"
753,783-AA0701-Arnhem Land Tropical Savanna.nc,"[1, 2]","[3, 4]","[5, 6, 7]","[8, 9, 10, 11, 12]"
754,784-AA0702-Brigalow Tropical Savanna.nc,[2],[3],"[4, 5]","[6, 7, 8, 9, 10, 11, 12, 1]"
755,785-AA0703-Cape York Peninsula Tropical Savanna.nc,"[1, 2]","[3, 4]","[5, 6, 7]","[8, 9, 10, 11, 12]"
756,786-AA0704-Carpentaria Tropical Savanna.nc,[2],"[3, 4]","[5, 6, 7]","[8, 9, 10, 11, 12, 1]"
757,787-AA0705-Einasleigh Upland Savanna.nc,[2],"[3, 4]","[5, 6, 7]","[8, 9, 10, 11, 12, 1]"
758,788-AA0706-Kimberly Tropical Savanna.nc,"[1, 2]","[3, 4]","[5, 6, 7]","[8, 9, 10, 11, 12]"
759,789-AA0707-Mitchell Grass Downs.nc,[2],[3],"[4, 5]","[6, 7, 8, 9, 10, 11, 12, 1]"
760,790-AA0709-Victoria Plains Tropical Savanna.nc,[2],"[3, 4]","[5, 6, 7]","[8, 9, 10, 11, 12, 1]"
761,791-AA0802-Eastern Australia Mulga Shrublands.nc,[5],[6],"[7, 8]","[9, 10, 11, 12, 1, 2, 3, 4]"
762,792-AA0803-Southeast Australia Temperate Savanna.nc,"[6, 7]",[8],"[9, 10]","[11, 12, 1, 2, 3, 4, 5]"
763,793-AA1001-Australian Alps Montane Grasslands.nc,[9],"[10, 11, 12, 1, 2, 3, 4]",[5],"[6, 7, 8]"
764,794-AA1201-Coolgardie Woodlands.nc,"[3, 4, 5]",[6],"[7, 8]","[9, 10, 11, 12, 1, 2]"
765,795-AA1202-Esperance Mallee.nc,"[6, 7]",[8],"[9, 10]","[11, 12, 1, 2, 3, 4, 5]"
766,796-AA1203-Eyre And York Mallee.nc,"[6, 7]",[8],"[9, 10]","[11, 12, 1, 2, 3, 4, 5]"
767,797-AA1204-Jarrah-Karri Forest And Shrublands.nc,"[4, 5, 6]","[7, 8, 9, 10]","[11, 12]","[1, 2, 3]"
768,798-AA1205-Swan Coastal Plain Scrub and Woodlands.nc,"[6, 7]","[8, 9]",[10],"[11, 12, 1, 2, 3, 4, 5]"
769,799-AA1206-Mount Lofty Woodlands.nc,"[5, 6]","[7, 8, 9]","[10, 11]","[12, 1, 2, 3, 4]"
770,800-AA1207-Murray-Darling Woodlands And Mallee.nc,"[6, 7]",[8],"[9, 10]","[11, 12, 1, 2, 3, 4, 5]"
771,801-AA1208-Naracoorte Woodlands.nc,"[5, 6, 7]","[8, 9]","[10, 11]","[12, 1, 2, 3, 4]"
772,802-AA1209-Southwest Australia Savanna.nc,"[6, 7]",[8],"[9, 10]","[11, 12, 1, 2, 3, 4, 5]"
773,803-AA1210-Southwest Australia Woodlands.nc,"[6, 7]","[8, 9]",[10],"[11, 12, 1, 2, 3, 4, 5]"
774,804-AA1301-Carnarvon Xeric Shrublands.nc,"[3, 4]","[5, 6]","[7, 8, 9]","[10, 11, 12, 1, 2]"
775,805-AA1302-Central Ranges Xeric Scrub.nc,[1],"[2, 3]","[4, 5, 6, 7]","[8, 9, 10, 11, 12]"
776,806-AA1303-Gibson Desert.nc,"[3, 4, 5]","[6, 7]","[8, 9]","[10, 11, 12, 1, 2]"
777,807-AA1304-Great Sandy-Tanami Desert.nc,[2],"[3, 4]","[5, 6, 7, 8]","[9, 10, 11, 12, 1]"
778,808-AA1305-Great Victoria Desert.nc,"[2, 3, 4]","[5, 6]","[7, 8, 9]","[10, 11, 12, 1]"
779,809-AA1306-Nullarbor Plains Xeric Shrublands.nc,[2],"[3, 4, 5]","[6, 7, 8, 9]","[10, 11, 12, 1]"
780,810-AA1307-Pilbara Shrublands.nc,[1],"[2, 3, 4]","[5, 6, 7, 8]","[9, 10, 11, 12]"
781,811-AA1308-Simpson Desert.nc,[4],[5],"[6, 7, 8]","[9, 10, 11, 12, 1, 2, 3]"
782,812-AA1309-Tirari-Sturt Stony Desert.nc,"[6, 7]",[8],"[9, 10]","[11, 12, 1, 2, 3, 4, 5]"
783,813-AA1310-Western Australian Mulga Shrublands.nc,"[3, 4]","[5, 6]","[7, 8, 9]","[10, 11, 12, 1, 2]"
